ガブリアス,じしん,99.1
ガブリアス,げきりん,56.8
ガブリアス,ステルスロック,45.4
ガブリアス,がんせきふうじ,38.8
ガブリアス,どくづき,27.0
ガブリアス,スケイルショット,25.0
ガブリアス,つるぎのまい,21.8
ガブリアス,いわなだれ,20.0
ガブリアス,ドラゴンテール,15.9
ガブリアス,まきびし,10.5
ガブリアス,じしん,99.0
ガブリアス,げきりん,59.9
ガブリアス,ステルスロック,49.5
ガブリアス,がんせきふうじ,41.5
ガブリアス,どくづき,26.6
ガブリアス,スケイルショット,22.6
ガブリアス,つるぎのまい,20.2
ガブリアス,いわなだれ,16.7
ガブリアス,ドラゴンテール,16.3
ガブリアス,まきびし,11.0
ブリジュラス,ラスターカノン,73.9
ブリジュラス,りゅうせいぐん,67.8
ブリジュラス,１０まんボルト,63.3
ブリジュラス,ステルスロック,46.1
ブリジュラス,はどうだん,36.3
ブリジュラス,ほえる,16.9
ブリジュラス,ドラゴンテール,15.9
ブリジュラス,エレクトロビーム,13.8
ブリジュラス,ミラーコート,12.8
ブリジュラス,りゅうのはどう,9.8
ブリジュラス,ラスターカノン,72.9
ブリジュラス,りゅうせいぐん,66.4
ブリジュラス,１０まんボルト,60.1
ブリジュラス,ステルスロック,48.8
ブリジュラス,はどうだん,36.4
ブリジュラス,ドラゴンテール,18.9
ブリジュラス,ほえる,16.2
ブリジュラス,エレクトロビーム,14.3
ブリジュラス,ミラーコート,10.4
ブリジュラス,イカサマ,9.8
アシレーヌ,ムーンフォース,96.1
アシレーヌ,うたかたのアリア,88.2
アシレーヌ,アクアジェット,66.4
アシレーヌ,アンコール,39.9
アシレーヌ,クイックターン,28.8
アシレーヌ,めいそう,24.7
アシレーヌ,れいとうビーム,9.5
アシレーヌ,サイコノイズ,6.6
アシレーヌ,なみのり,5.5
アシレーヌ,ドレインキッス,4.4
アシレーヌ,ムーンフォース,96.1
アシレーヌ,うたかたのアリア,88.8
アシレーヌ,アクアジェット,65.3
アシレーヌ,アンコール,37.5
アシレーヌ,クイックターン,34.0
アシレーヌ,めいそう,22.6
アシレーヌ,れいとうビーム,7.4
アシレーヌ,サイコノイズ,5.8
アシレーヌ,なみのり,4.9
アシレーヌ,ドレインキッス,4.9
リザードン,ソーラービーム,66.6
リザードン,かえんほうしゃ,46.5
リザードン,エアスラッシュ,34.2
リザードン,ニトロチャージ,33.7
リザードン,フレアドライブ,30.0
リザードン,オーバーヒート,24.2
リザードン,りゅうのまい,23.8
リザードン,ドラゴンクロー,21.1
リザードン,かみなりパンチ,19.7
リザードン,ウェザーボール,15.9
リザードン,ソーラービーム,63.5
リザードン,かえんほうしゃ,41.2
リザードン,ニトロチャージ,38.2
リザードン,フレアドライブ,32.1
リザードン,エアスラッシュ,31.4
リザードン,オーバーヒート,27.8
リザードン,りゅうのまい,25.4
リザードン,ドラゴンクロー,22.5
リザードン,かみなりパンチ,22.2
リザードン,ウェザーボール,16.2
マスカーニャ,トリックフラワー,97.4
マスカーニャ,トリプルアクセル,85.7
マスカーニャ,はたきおとす,73.5
マスカーニャ,とんぼがえり,68.0
マスカーニャ,ふいうち,18.6
マスカーニャ,じゃれつく,14.2
マスカーニャ,けたぐり,9.6
マスカーニャ,トリック,6.5
マスカーニャ,かみなりパンチ,5.4
マスカーニャ,イカサマ,4.3
マスカーニャ,トリックフラワー,96.3
マスカーニャ,トリプルアクセル,83.8
マスカーニャ,はたきおとす,71.9
マスカーニャ,とんぼがえり,67.0
マスカーニャ,ふいうち,20.8
マスカーニャ,じゃれつく,13.4
マスカーニャ,けたぐり,12.3
マスカーニャ,トリック,6.9
マスカーニャ,かみなりパンチ,6.5
マスカーニャ,ちょうはつ,4.4
アーマーガア,はねやすめ,97.2
アーマーガア,ボディプレス,84.4
アーマーガア,てっぺき,76.2
アーマーガア,とんぼがえり,56.2
アーマーガア,アイアンヘッド,30.2
アーマーガア,ちょうはつ,14.1
アーマーガア,ブレイブバード,10.5
アーマーガア,ビルドアップ,8.3
アーマーガア,つけあがる,7.5
アーマーガア,きりばらい,6.5
アーマーガア,はねやすめ,96.9
アーマーガア,ボディプレス,82.7
アーマーガア,てっぺき,72.8
アーマーガア,とんぼがえり,60.2
アーマーガア,アイアンヘッド,27.2
アーマーガア,ちょうはつ,17.7
アーマーガア,ブレイブバード,9.8
アーマーガア,ビルドアップ,8.4
アーマーガア,つけあがる,7.4
アーマーガア,きりばらい,6.5
イダイトウ♂,おはかまいり,99.8
イダイトウ♂,ウェーブタックル,94.3
イダイトウ♂,アクアジェット,85.6
イダイトウ♂,クイックターン,82.9
イダイトウ♂,こおりのキバ,7.0
イダイトウ♂,もろはのずつき,5.4
イダイトウ♂,こうそくいどう,4.5
イダイトウ♂,アクアブレイク,4.0
イダイトウ♂,サイコファング,2.9
イダイトウ♂,たきのぼり,2.5
イダイトウ♂,おはかまいり,99.9
イダイトウ♂,ウェーブタックル,95.9
イダイトウ♂,アクアジェット,86.6
イダイトウ♂,クイックターン,83.1
イダイトウ♂,こおりのキバ,5.9
イダイトウ♂,こうそくいどう,5.1
イダイトウ♂,もろはのずつき,4.4
イダイトウ♂,アクアブレイク,3.3
イダイトウ♂,サイコファング,2.9
イダイトウ♂,たきのぼり,2.5
カイリュー,りゅうせいぐん,60.6
カイリュー,しんそく,56.8
カイリュー,１０まんボルト,48.6
カイリュー,かえんほうしゃ,40.4
カイリュー,エアスラッシュ,36.3
カイリュー,はねやすめ,25.3
カイリュー,れいとうビーム,24.4
カイリュー,りゅうのまい,17.2
カイリュー,じしん,16.7
カイリュー,げきりん,13.3
カイリュー,りゅうせいぐん,64.3
カイリュー,しんそく,54.3
カイリュー,１０まんボルト,52.9
カイリュー,かえんほうしゃ,44.8
カイリュー,エアスラッシュ,41.6
カイリュー,はねやすめ,28.2
カイリュー,れいとうビーム,24.6
カイリュー,りゅうのまい,11.9
カイリュー,じしん,11.5
カイリュー,りゅうのはどう,10.6
ゲンガー,ヘドロウェーブ,84.2
ゲンガー,シャドーボール,83.2
ゲンガー,みちづれ,53.2
ゲンガー,きあいだま,40.4
ゲンガー,こごえるかぜ,24.8
ゲンガー,たたりめ,15.4
ゲンガー,おにび,15.2
ゲンガー,まもる,14.4
ゲンガー,１０まんボルト,12.6
ゲンガー,みがわり,11.0
ゲンガー,シャドーボール,83.7
ゲンガー,ヘドロウェーブ,82.2
ゲンガー,みちづれ,45.7
ゲンガー,きあいだま,38.2
ゲンガー,こごえるかぜ,27.1
ゲンガー,みがわり,16.8
ゲンガー,まもる,16.0
ゲンガー,たたりめ,14.3
ゲンガー,おにび,13.9
ゲンガー,１０まんボルト,12.9
カバルドン,じしん,96.1
カバルドン,ステルスロック,94.3
カバルドン,あくび,92.0
カバルドン,なまける,51.1
カバルドン,ふきとばし,43.3
カバルドン,ほえる,7.4
カバルドン,こおりのキバ,2.8
カバルドン,まもる,2.8
カバルドン,がんせきふうじ,2.6
カバルドン,じわれ,2.2
カバルドン,じしん,97.1
カバルドン,ステルスロック,95.3
カバルドン,あくび,94.5
カバルドン,なまける,51.5
カバルドン,ふきとばし,40.5
カバルドン,ほえる,8.2
カバルドン,がんせきふうじ,3.0
カバルドン,こおりのキバ,2.6
カバルドン,まもる,2.2
カバルドン,じわれ,1.1
ハッサム,バレットパンチ,99.7
ハッサム,つるぎのまい,91.9
ハッサム,インファイト,71.3
ハッサム,はたきおとす,50.9
ハッサム,はねやすめ,26.1
ハッサム,とんぼがえり,25.0
ハッサム,ダブルウイング,14.7
ハッサム,むしくい,6.6
ハッサム,くさわけ,1.3
ハッサム,でんこうせっか,1.3
ハッサム,バレットパンチ,99.7
ハッサム,つるぎのまい,93.4
ハッサム,インファイト,73.0
ハッサム,はたきおとす,51.2
ハッサム,はねやすめ,28.1
ハッサム,とんぼがえり,27.0
ハッサム,ダブルウイング,11.7
ハッサム,むしくい,4.3
ハッサム,どろぼう,1.7
ハッサム,くさわけ,1.1
ミミロップ,ねこだまし,85.2
ミミロップ,インファイト,82.3
ミミロップ,トリプルアクセル,72.6
ミミロップ,とんぼがえり,51.7
ミミロップ,つるぎのまい,15.6
ミミロップ,マッハパンチ,12.9
ミミロップ,とびひざげり,12.4
ミミロップ,かみなりパンチ,11.5
ミミロップ,れいとうパンチ,9.5
ミミロップ,からげんき,8.5
ミミロップ,インファイト,85.2
ミミロップ,ねこだまし,83.2
ミミロップ,トリプルアクセル,70.0
ミミロップ,とんぼがえり,50.8
ミミロップ,つるぎのまい,16.9
ミミロップ,マッハパンチ,13.2
ミミロップ,かみなりパンチ,10.5
ミミロップ,アンコール,10.5
ミミロップ,れいとうパンチ,9.4
ミミロップ,とびひざげり,8.6
ギルガルド(シールド),かげうち,94.1
ギルガルド(シールド),ポルターガイスト,76.1
ギルガルド(シールド),キングシールド,72.7
ギルガルド(シールド),せいなるつるぎ,48.1
ギルガルド(シールド),つるぎのまい,30.3
ギルガルド(シールド),インファイト,30.2
ギルガルド(シールド),アイアンヘッド,21.2
ギルガルド(シールド),シャドーボール,15.3
ギルガルド(シールド),ラスターカノン,6.0
ギルガルド(シールド),シャドークロー,1.7
ギルガルド(シールド),かげうち,94.8
ギルガルド(シールド),ポルターガイスト,72.9
ギルガルド(シールド),キングシールド,66.3
ギルガルド(シールド),せいなるつるぎ,41.6
ギルガルド(シールド),インファイト,36.9
ギルガルド(シールド),つるぎのまい,35.5
ギルガルド(シールド),アイアンヘッド,20.7
ギルガルド(シールド),シャドーボール,18.5
ギルガルド(シールド),ラスターカノン,7.0
ギルガルド(シールド),シャドークロー,1.6
ミミッキュ,じゃれつく,93.1
ミミッキュ,かげうち,92.2
ミミッキュ,つるぎのまい,83.4
ミミッキュ,シャドークロー,56.5
ミミッキュ,ドレインパンチ,28.5
ミミッキュ,のろい,11.4
ミミッキュ,おにび,5.3
ミミッキュ,トリックルーム,3.8
ミミッキュ,いたみわけ,3.6
ミミッキュ,みちづれ,3.4
ミミッキュ,じゃれつく,94.0
ミミッキュ,かげうち,91.7
ミミッキュ,つるぎのまい,82.0
ミミッキュ,シャドークロー,57.9
ミミッキュ,ドレインパンチ,22.1
ミミッキュ,のろい,15.5
ミミッキュ,いたみわけ,5.0
ミミッキュ,おにび,4.6
ミミッキュ,みがわり,4.3
ミミッキュ,ちょうはつ,4.2
キラフロル,パワージェム,81.2
キラフロル,ステルスロック,54.5
キラフロル,ヘドロウェーブ,53.1
キラフロル,だいちのちから,49.1
キラフロル,キラースピン,42.1
キラフロル,マッドショット,23.6
キラフロル,ニードルガード,21.2
キラフロル,どくどく,17.2
キラフロル,エナジーボール,15.4
キラフロル,ヘドロばくだん,8.8
キラフロル,パワージェム,77.8
キラフロル,ステルスロック,62.3
キラフロル,ヘドロウェーブ,50.7
キラフロル,キラースピン,49.3
キラフロル,だいちのちから,43.5
キラフロル,マッドショット,35.5
キラフロル,エナジーボール,14.9
キラフロル,ニードルガード,13.9
キラフロル,どくどく,12.3
キラフロル,マジカルシャイン,9.8
ドドゲザン,ふいうち,99.4
ドドゲザン,ドゲザン,95.6
ドドゲザン,アイアンヘッド,85.7
ドドゲザン,つるぎのまい,77.5
ドドゲザン,けたぐり,17.9
ドドゲザン,ハサミギロチン,5.3
ドドゲザン,かわらわり,4.8
ドドゲザン,まもる,4.0
ドドゲザン,メタルバースト,2.0
ドドゲザン,ちょうはつ,1.2
ドドゲザン,ふいうち,99.3
ドドゲザン,ドゲザン,95.4
ドドゲザン,アイアンヘッド,83.7
ドドゲザン,つるぎのまい,83.0
ドドゲザン,けたぐり,20.9
ドドゲザン,ハサミギロチン,4.4
ドドゲザン,かわらわり,3.9
ドドゲザン,メタルバースト,1.5
ドドゲザン,まもる,1.5
ドドゲザン,ちょうはつ,1.1
ルカリオ,インファイト,66.3
ルカリオ,バレットパンチ,57.5
ルカリオ,つるぎのまい,49.6
ルカリオ,コメットパンチ,34.4
ルカリオ,しんくうは,30.3
ルカリオ,はどうだん,30.1
ルカリオ,じしん,29.9
ルカリオ,ラスターカノン,20.8
ルカリオ,わるだくみ,15.6
ルカリオ,てっていこうせん,15.1
ルカリオ,インファイト,77.0
ルカリオ,バレットパンチ,68.0
ルカリオ,つるぎのまい,63.9
ルカリオ,じしん,35.5
ルカリオ,コメットパンチ,34.5
ルカリオ,しんくうは,19.3
ルカリオ,はどうだん,18.6
ルカリオ,ラスターカノン,15.1
ルカリオ,しんそく,13.2
ルカリオ,わるだくみ,11.3
ウルガモス,ちょうのまい,97.6
ウルガモス,ほのおのまい,89.7
ウルガモス,ギガドレイン,68.9
ウルガモス,あさのひざし,57.6
ウルガモス,むしのさざめき,37.3
ウルガモス,おにび,18.9
ウルガモス,かえんほうしゃ,7.0
ウルガモス,サイコキネシス,5.5
ウルガモス,みがわり,5.1
ウルガモス,エアスラッシュ,2.0
ウルガモス,ちょうのまい,97.1
ウルガモス,ほのおのまい,88.1
ウルガモス,ギガドレイン,64.2
ウルガモス,あさのひざし,53.4
ウルガモス,むしのさざめき,38.7
ウルガモス,おにび,23.0
ウルガモス,みがわり,8.0
ウルガモス,かえんほうしゃ,7.5
ウルガモス,サイコキネシス,6.2
ウルガモス,エアスラッシュ,2.1
フラエッテ(永遠),めいそう,88.5
フラエッテ(永遠),ドレインキッス,79.1
フラエッテ(永遠),ムーンフォース,78.1
フラエッテ(永遠),はめつのひかり,44.2
フラエッテ(永遠),サイコキネシス,38.9
フラエッテ(永遠),こうごうせい,29.6
フラエッテ(永遠),みがわり,15.3
フラエッテ(永遠),ギガドレイン,4.8
フラエッテ(永遠),あまえる,4.3
フラエッテ(永遠),まもる,2.5
フラエッテ(永遠),めいそう,89.3
フラエッテ(永遠),ドレインキッス,81.9
フラエッテ(永遠),ムーンフォース,79.7
フラエッテ(永遠),はめつのひかり,38.4
フラエッテ(永遠),こうごうせい,35.3
フラエッテ(永遠),サイコキネシス,28.9
フラエッテ(永遠),みがわり,22.7
フラエッテ(永遠),あまえる,4.5
フラエッテ(永遠),ギガドレイン,3.8
フラエッテ(永遠),トリック,2.7
ギャラドス,たきのぼり,86.5
ギャラドス,りゅうのまい,85.4
ギャラドス,じしん,74.0
ギャラドス,こおりのキバ,57.7
ギャラドス,パワーウィップ,27.0
ギャラドス,かみくだく,19.7
ギャラドス,ちょうはつ,19.6
ギャラドス,やけっぱち,7.4
ギャラドス,ゆきなだれ,6.2
ギャラドス,アクアテール,4.2
ギャラドス,たきのぼり,88.0
ギャラドス,りゅうのまい,86.1
ギャラドス,じしん,73.5
ギャラドス,こおりのキバ,56.1
ギャラドス,パワーウィップ,27.0
ギャラドス,ちょうはつ,20.4
ギャラドス,かみくだく,18.4
ギャラドス,やけっぱち,8.9
ギャラドス,ゆきなだれ,6.3
ギャラドス,アクアテール,3.8
サザンドラ,あくのはどう,98.3
サザンドラ,りゅうせいぐん,89.9
サザンドラ,とんぼがえり,63.5
サザンドラ,かえんほうしゃ,62.1
サザンドラ,だいもんじ,18.3
サザンドラ,ラスターカノン,17.1
サザンドラ,だいちのちから,9.7
サザンドラ,きあいだま,8.8
サザンドラ,ちょうはつ,6.5
サザンドラ,わるだくみ,5.4
サザンドラ,あくのはどう,98.4
サザンドラ,りゅうせいぐん,89.6
サザンドラ,とんぼがえり,65.0
サザンドラ,かえんほうしゃ,57.4
サザンドラ,だいもんじ,21.5
サザンドラ,ラスターカノン,16.1
サザンドラ,きあいだま,8.7
サザンドラ,わるだくみ,7.7
サザンドラ,だいちのちから,7.5
サザンドラ,ちょうはつ,6.9
スターミー,アクアブレイク,86.9
スターミー,アクアジェット,85.5
スターミー,アイススピナー,66.6
スターミー,しねんのずつき,54.9
スターミー,クイックターン,47.4
スターミー,サイコカッター,16.1
スターミー,たきのぼり,7.4
スターミー,こうそくスピン,6.1
スターミー,じばく,5.4
スターミー,ビルドアップ,3.7
スターミー,アクアジェット,85.1
スターミー,アクアブレイク,81.8
スターミー,アイススピナー,60.4
スターミー,しねんのずつき,58.3
スターミー,クイックターン,50.2
スターミー,サイコカッター,13.1
スターミー,たきのぼり,9.5
スターミー,こうそくスピン,6.0
スターミー,じばく,4.8
スターミー,１０まんボルト,4.2
オオニューラ,インファイト,97.7
オオニューラ,フェイタルクロー,97.1
オオニューラ,ねこだまし,58.9
オオニューラ,じごくづき,35.9
オオニューラ,とんぼがえり,22.2
オオニューラ,つるぎのまい,21.0
オオニューラ,アクロバット,11.9
オオニューラ,ちょうはつ,8.3
オオニューラ,シャドークロー,7.1
オオニューラ,いわなだれ,6.7
オオニューラ,インファイト,98.3
オオニューラ,フェイタルクロー,97.0
オオニューラ,ねこだまし,50.2
オオニューラ,じごくづき,35.5
オオニューラ,とんぼがえり,25.0
オオニューラ,つるぎのまい,24.9
オオニューラ,アクロバット,11.2
オオニューラ,シャドークロー,10.2
オオニューラ,ちょうはつ,8.4
オオニューラ,いわなだれ,5.2
ガルーラ,れいとうパンチ,75.7
ガルーラ,ねこだまし,69.8
ガルーラ,じしん,69.0
ガルーラ,ふいうち,63.3
ガルーラ,すてみタックル,40.7
ガルーラ,ほのおのパンチ,19.5
ガルーラ,のしかかり,16.8
ガルーラ,ドレインパンチ,14.5
ガルーラ,かみなりパンチ,7.6
ガルーラ,とっておき,4.7
ガルーラ,れいとうパンチ,75.5
ガルーラ,ねこだまし,71.4
ガルーラ,じしん,71.3
ガルーラ,ふいうち,63.4
ガルーラ,すてみタックル,44.9
ガルーラ,ほのおのパンチ,23.0
ガルーラ,のしかかり,16.0
ガルーラ,ドレインパンチ,9.1
ガルーラ,かみなりパンチ,6.6
ガルーラ,とっておき,3.4
ブラッキー,イカサマ,96.6
ブラッキー,まもる,82.1
ブラッキー,ねがいごと,79.0
ブラッキー,あくび,61.6
ブラッキー,どくどく,36.1
ブラッキー,つきのひかり,18.8
ブラッキー,ほえる,5.4
ブラッキー,ちょうはつ,5.0
ブラッキー,みきり,2.8
ブラッキー,バークアウト,1.6
ブラッキー,イカサマ,97.3
ブラッキー,まもる,87.2
ブラッキー,ねがいごと,86.5
ブラッキー,あくび,75.7
ブラッキー,どくどく,22.8
ブラッキー,つきのひかり,12.0
ブラッキー,ちょうはつ,3.1
ブラッキー,ほえる,2.9
ブラッキー,バトンタッチ,2.1
ブラッキー,みきり,1.9
ウォッシュロトム,ハイドロポンプ,98.3
ウォッシュロトム,ボルトチェンジ,88.0
ウォッシュロトム,おにび,74.1
ウォッシュロトム,１０まんボルト,68.9
ウォッシュロトム,トリック,20.0
ウォッシュロトム,ほうでん,10.4
ウォッシュロトム,シャドーボール,5.0
ウォッシュロトム,わるだくみ,4.9
ウォッシュロトム,たたりめ,4.2
ウォッシュロトム,いたみわけ,4.1
ウォッシュロトム,ハイドロポンプ,98.7
ウォッシュロトム,ボルトチェンジ,90.4
ウォッシュロトム,おにび,69.0
ウォッシュロトム,１０まんボルト,65.0
ウォッシュロトム,トリック,25.2
ウォッシュロトム,ほうでん,12.3
ウォッシュロトム,わるだくみ,6.4
ウォッシュロトム,でんじは,4.7
ウォッシュロトム,シャドーボール,4.5
ウォッシュロトム,イカサマ,4.5
マフォクシー,かえんほうしゃ,85.1
マフォクシー,サイコキネシス,56.4
マフォクシー,マジカルシャイン,52.4
マフォクシー,わるだくみ,42.7
マフォクシー,アンコール,40.6
マフォクシー,サイコショック,40.1
マフォクシー,みがわり,25.0
マフォクシー,マジカルフレイム,8.7
マフォクシー,きあいだま,7.1
マフォクシー,おにび,6.8
マフォクシー,かえんほうしゃ,86.3
マフォクシー,サイコキネシス,55.8
マフォクシー,マジカルシャイン,48.4
マフォクシー,アンコール,43.6
マフォクシー,わるだくみ,40.3
マフォクシー,サイコショック,39.2
マフォクシー,みがわり,35.9
マフォクシー,マジカルフレイム,6.7
マフォクシー,めいそう,6.0
マフォクシー,おにび,5.9
フシギバナ,だいちのちから,81.5
フシギバナ,こうごうせい,69.6
フシギバナ,ヘドロばくだん,58.9
フシギバナ,ギガドレイン,58.9
フシギバナ,やどりぎのタネ,51.2
フシギバナ,ヘドロウェーブ,25.9
フシギバナ,どくどく,15.7
フシギバナ,ねむりごな,8.3
フシギバナ,まもる,6.0
フシギバナ,アシッドボム,4.7
フシギバナ,だいちのちから,85.2
フシギバナ,こうごうせい,74.4
フシギバナ,ギガドレイン,60.1
フシギバナ,ヘドロばくだん,55.5
フシギバナ,やどりぎのタネ,48.9
フシギバナ,ヘドロウェーブ,27.9
フシギバナ,どくどく,17.4
フシギバナ,ねむりごな,6.0
フシギバナ,アシッドボム,4.9
フシギバナ,まもる,3.2
ゲッコウガ,れいとうビーム,84.6
ゲッコウガ,あくのはどう,80.6
ゲッコウガ,ヘドロウェーブ,66.4
ゲッコウガ,なみのり,49.3
ゲッコウガ,みずしゅりけん,40.4
ゲッコウガ,ハイドロポンプ,11.1
ゲッコウガ,じんつうりき,10.9
ゲッコウガ,とんぼがえり,9.3
ゲッコウガ,ちょうはつ,7.4
ゲッコウガ,ダストシュート,5.2
ゲッコウガ,れいとうビーム,84.1
ゲッコウガ,あくのはどう,75.9
ゲッコウガ,ヘドロウェーブ,62.7
ゲッコウガ,なみのり,48.2
ゲッコウガ,みずしゅりけん,43.6
ゲッコウガ,ハイドロポンプ,11.3
ゲッコウガ,とんぼがえり,10.0
ゲッコウガ,ちょうはつ,9.0
ゲッコウガ,じんつうりき,7.3
ゲッコウガ,ダストシュート,7.3
ラウドボーン,フレアソング,99.5
ラウドボーン,なまける,92.7
ラウドボーン,おにび,78.2
ラウドボーン,シャドーボール,50.5
ラウドボーン,たたりめ,36.0
ラウドボーン,あくび,15.0
ラウドボーン,だいちのちから,6.7
ラウドボーン,みわくのボイス,4.8
ラウドボーン,みがわり,2.9
ラウドボーン,もえつきる,1.7
ラウドボーン,フレアソング,99.5
ラウドボーン,なまける,93.7
ラウドボーン,おにび,76.4
ラウドボーン,シャドーボール,49.4
ラウドボーン,たたりめ,36.3
ラウドボーン,あくび,17.4
ラウドボーン,だいちのちから,5.6
ラウドボーン,みわくのボイス,4.4
ラウドボーン,もえつきる,2.9
ラウドボーン,みがわり,2.4
メガニウム,ソーラービーム,97.2
メガニウム,マジカルシャイン,89.9
メガニウム,ウェザーボール,88.6
メガニウム,こうごうせい,76.9
メガニウム,だいちのちから,26.9
メガニウム,やどりぎのタネ,5.4
メガニウム,ギガドレイン,2.2
メガニウム,げんしのちから,2.2
メガニウム,みがわり,1.9
メガニウム,くさわけ,1.9
メガニウム,ソーラービーム,98.1
メガニウム,ウェザーボール,91.9
メガニウム,マジカルシャイン,89.1
メガニウム,こうごうせい,78.9
メガニウム,だいちのちから,23.7
メガニウム,やどりぎのタネ,6.1
メガニウム,げんしのちから,2.7
メガニウム,みがわり,2.1
メガニウム,ギガドレイン,1.4
メガニウム,くさわけ,1.4
ニンフィア,ハイパーボイス,94.6
ニンフィア,あくび,64.2
ニンフィア,マジカルフレイム,57.6
ニンフィア,でんこうせっか,56.1
ニンフィア,まもる,28.7
ニンフィア,ねがいごと,24.2
ニンフィア,めいそう,16.9
ニンフィア,シャドーボール,12.6
ニンフィア,ミストフィールド,7.5
ニンフィア,はかいこうせん,7.0
ニンフィア,ハイパーボイス,97.0
ニンフィア,あくび,72.2
ニンフィア,マジカルフレイム,51.3
ニンフィア,でんこうせっか,47.7
ニンフィア,まもる,34.6
ニンフィア,ねがいごと,32.1
ニンフィア,めいそう,16.0
ニンフィア,シャドーボール,10.2
ニンフィア,ミストフィールド,6.2
ニンフィア,みがわり,4.8
ハラバリー,パラボラチャージ,98.2
ハラバリー,みずびたし,81.2
ハラバリー,なまける,70.3
ハラバリー,ボルトチェンジ,62.3
ハラバリー,どくどく,41.9
ハラバリー,アシッドボム,12.6
ハラバリー,ふいうち,9.6
ハラバリー,１０まんボルト,4.9
ハラバリー,まもる,3.4
ハラバリー,マッドショット,2.2
ハラバリー,パラボラチャージ,96.9
ハラバリー,みずびたし,86.6
ハラバリー,ボルトチェンジ,67.4
ハラバリー,なまける,66.0
ハラバリー,どくどく,35.2
ハラバリー,アシッドボム,14.4
ハラバリー,ふいうち,9.3
ハラバリー,１０まんボルト,3.9
ハラバリー,まもる,3.0
ハラバリー,エレキフィールド,2.7
バンギラス,はたきおとす,75.3
バンギラス,ストーンエッジ,54.4
バンギラス,じしん,42.0
バンギラス,りゅうのまい,37.0
バンギラス,れいとうパンチ,35.9
バンギラス,ステルスロック,25.4
バンギラス,いわなだれ,18.6
バンギラス,かみくだく,12.8
バンギラス,ばかぢから,12.8
バンギラス,ロックブラスト,10.8
バンギラス,はたきおとす,74.5
バンギラス,ストーンエッジ,55.0
バンギラス,じしん,44.3
バンギラス,りゅうのまい,35.3
バンギラス,れいとうパンチ,34.0
バンギラス,ステルスロック,31.2
バンギラス,かみくだく,14.2
バンギラス,いわなだれ,13.5
バンギラス,ロックブラスト,12.4
バンギラス,がんせきふうじ,11.4
ピクシー,ムーンフォース,83.5
ピクシー,つきのひかり,83.4
ピクシー,コスモパワー,55.6
ピクシー,アシストパワー,42.5
ピクシー,めいそう,32.2
ピクシー,かえんほうしゃ,18.0
ピクシー,バトンタッチ,12.0
ピクシー,サイコショック,9.9
ピクシー,ステルスロック,9.8
ピクシー,でんじは,9.5
ピクシー,つきのひかり,89.0
ピクシー,ムーンフォース,85.1
ピクシー,コスモパワー,50.9
ピクシー,めいそう,41.0
ピクシー,アシストパワー,40.2
ピクシー,かえんほうしゃ,24.1
ピクシー,サイコショック,14.4
ピクシー,バトンタッチ,10.3
ピクシー,マジカルフレイム,7.6
ピクシー,ステルスロック,4.9
ヒートロトム,オーバーヒート,98.8
ヒートロトム,ボルトチェンジ,90.6
ヒートロトム,おにび,67.5
ヒートロトム,１０まんボルト,56.8
ヒートロトム,トリック,29.7
ヒートロトム,ほうでん,12.1
ヒートロトム,わるだくみ,7.0
ヒートロトム,シャドーボール,6.9
ヒートロトム,イカサマ,5.4
ヒートロトム,たたりめ,4.8
ヒートロトム,オーバーヒート,98.5
ヒートロトム,ボルトチェンジ,89.7
ヒートロトム,おにび,64.9
ヒートロトム,１０まんボルト,54.8
ヒートロトム,トリック,30.2
ヒートロトム,ほうでん,11.6
ヒートロトム,わるだくみ,8.9
ヒートロトム,イカサマ,7.3
ヒートロトム,シャドーボール,6.0
ヒートロトム,でんじは,5.0
オニシズクモ,ねばねばネット,92.5
オニシズクモ,アクアブレイク,86.7
オニシズクモ,ミラーコート,83.2
オニシズクモ,とびかかる,32.5
オニシズクモ,きゅうけつ,18.7
オニシズクモ,なみのり,12.3
オニシズクモ,とびつく,9.7
オニシズクモ,がむしゃら,7.9
オニシズクモ,こわいかお,7.8
オニシズクモ,どくづき,7.5
オニシズクモ,ねばねばネット,90.7
オニシズクモ,アクアブレイク,85.3
オニシズクモ,ミラーコート,77.4
オニシズクモ,とびかかる,30.4
オニシズクモ,きゅうけつ,21.9
オニシズクモ,とびつく,14.4
オニシズクモ,なみのり,12.3
オニシズクモ,がむしゃら,10.4
オニシズクモ,こごえるかぜ,9.0
オニシズクモ,どくづき,6.5
ドヒドイデ,じこさいせい,96.3
ドヒドイデ,どくどく,91.6
ドヒドイデ,トーチカ,57.2
ドヒドイデ,まとわりつく,57.1
ドヒドイデ,くろいきり,43.2
ドヒドイデ,しっぺがえし,13.5
ドヒドイデ,どくびし,8.1
ドヒドイデ,ひやみず,5.9
ドヒドイデ,アクアブレイク,4.1
ドヒドイデ,ベノムショック,3.0
ドヒドイデ,じこさいせい,97.1
ドヒドイデ,どくどく,89.9
ドヒドイデ,まとわりつく,55.5
ドヒドイデ,トーチカ,49.5
ドヒドイデ,くろいきり,48.6
ドヒドイデ,しっぺがえし,11.9
ドヒドイデ,どくびし,10.9
ドヒドイデ,ひやみず,8.3
ドヒドイデ,アクアブレイク,7.1
ドヒドイデ,どくづき,6.0
ソウブレイズ,むねんのつるぎ,98.7
ソウブレイズ,かげうち,90.8
ソウブレイズ,つるぎのまい,71.5
ソウブレイズ,ポルターガイスト,68.6
ソウブレイズ,インファイト,30.7
ソウブレイズ,みちづれ,9.9
ソウブレイズ,シャドークロー,5.6
ソウブレイズ,ビルドアップ,3.3
ソウブレイズ,ちょうはつ,2.6
ソウブレイズ,どくづき,2.6
ソウブレイズ,むねんのつるぎ,98.0
ソウブレイズ,かげうち,90.2
ソウブレイズ,つるぎのまい,72.7
ソウブレイズ,ポルターガイスト,72.3
ソウブレイズ,インファイト,30.1
ソウブレイズ,みちづれ,9.8
ソウブレイズ,ビルドアップ,4.6
ソウブレイズ,シャドークロー,4.2
ソウブレイズ,おにび,2.8
ソウブレイズ,ちょうはつ,2.2
クエスパトラ,ルミナコリジョン,84.8
クエスパトラ,バトンタッチ,82.7
クエスパトラ,まもる,81.9
クエスパトラ,めいそう,71.2
クエスパトラ,マジカルシャイン,25.5
クエスパトラ,みがわり,11.5
クエスパトラ,シャドーボール,9.7
クエスパトラ,アシストパワー,7.3
クエスパトラ,フェザーダンス,6.1
クエスパトラ,リフレクター,3.4
クエスパトラ,ルミナコリジョン,84.4
クエスパトラ,バトンタッチ,82.8
クエスパトラ,まもる,80.1
クエスパトラ,めいそう,74.0
クエスパトラ,マジカルシャイン,23.9
クエスパトラ,みがわり,13.0
クエスパトラ,シャドーボール,8.5
クエスパトラ,フェザーダンス,7.4
クエスパトラ,アシストパワー,7.2
クエスパトラ,リフレクター,4.8
ドラパルト,ドラゴンアロー,72.9
ドラパルト,とんぼがえり,48.4
ドラパルト,ゴーストダイブ,46.1
ドラパルト,ふいうち,37.9
ドラパルト,おにび,25.6
ドラパルト,りゅうのまい,24.5
ドラパルト,シャドーボール,20.0
ドラパルト,りゅうせいぐん,19.6
ドラパルト,かえんほうしゃ,15.3
ドラパルト,たたりめ,11.8
ドラパルト,ドラゴンアロー,64.6
ドラパルト,とんぼがえり,44.8
ドラパルト,ゴーストダイブ,36.3
ドラパルト,ふいうち,33.0
ドラパルト,おにび,30.0
ドラパルト,りゅうせいぐん,27.0
ドラパルト,シャドーボール,24.3
ドラパルト,りゅうのまい,20.6
ドラパルト,かえんほうしゃ,17.9
ドラパルト,１０まんボルト,15.1
ダイケンキ(ヒスイ),ひけん・ちえなみ,95.7
ダイケンキ(ヒスイ),せいなるつるぎ,93.1
ダイケンキ(ヒスイ),シェルブレード,77.8
ダイケンキ(ヒスイ),ふいうち,56.0
ダイケンキ(ヒスイ),クイックターン,27.7
ダイケンキ(ヒスイ),アクアカッター,12.5
ダイケンキ(ヒスイ),アクアジェット,10.7
ダイケンキ(ヒスイ),アンコール,6.7
ダイケンキ(ヒスイ),つじぎり,4.5
ダイケンキ(ヒスイ),ちょうはつ,2.9
ダイケンキ(ヒスイ),ひけん・ちえなみ,96.4
ダイケンキ(ヒスイ),せいなるつるぎ,87.2
ダイケンキ(ヒスイ),シェルブレード,73.4
ダイケンキ(ヒスイ),ふいうち,43.8
ダイケンキ(ヒスイ),クイックターン,35.3
ダイケンキ(ヒスイ),アクアカッター,15.9
ダイケンキ(ヒスイ),アクアジェット,13.3
ダイケンキ(ヒスイ),アンコール,7.5
ダイケンキ(ヒスイ),ちょうはつ,5.0
ダイケンキ(ヒスイ),つるぎのまい,3.7
エンペルト,なみのり,78.8
エンペルト,れいとうビーム,63.2
エンペルト,しんくうは,53.0
エンペルト,ステルスロック,42.0
エンペルト,あくび,39.8
エンペルト,くさむすび,34.4
エンペルト,クイックターン,30.6
エンペルト,ラスターカノン,23.4
エンペルト,はねやすめ,5.9
エンペルト,アクアジェット,5.2
エンペルト,ステルスロック,74.1
エンペルト,あくび,71.8
エンペルト,なみのり,70.6
エンペルト,クイックターン,60.3
エンペルト,れいとうビーム,35.0
エンペルト,ラスターカノン,19.6
エンペルト,しんくうは,18.2
エンペルト,くさむすび,10.4
エンペルト,はねやすめ,7.5
エンペルト,ほえる,6.8
マンムー,じしん,98.2
マンムー,こおりのつぶて,93.9
マンムー,つららばり,50.4
マンムー,つららおとし,38.0
マンムー,ステルスロック,35.0
マンムー,がんせきふうじ,27.2
マンムー,がむしゃら,15.2
マンムー,いわなだれ,8.7
マンムー,はたきおとす,6.1
マンムー,ストーンエッジ,5.7
マンムー,じしん,99.1
マンムー,こおりのつぶて,92.5
マンムー,つららばり,60.8
マンムー,ステルスロック,41.5
マンムー,がんせきふうじ,28.7
マンムー,つららおとし,28.5
マンムー,がむしゃら,11.5
マンムー,はたきおとす,6.4
マンムー,いわなだれ,5.8
マンムー,ストーンエッジ,5.8
ペリッパー,ぼうふう,96.5
ペリッパー,とんぼがえり,76.5
ペリッパー,れいとうビーム,51.7
ペリッパー,なみのり,42.3
ペリッパー,おいかぜ,40.8
ペリッパー,ウェザーボール,31.9
ペリッパー,ハイドロポンプ,14.0
ペリッパー,はねやすめ,12.7
ペリッパー,まもる,4.0
ペリッパー,はたきおとす,3.8
ペリッパー,ぼうふう,96.7
ペリッパー,とんぼがえり,85.7
ペリッパー,れいとうビーム,54.5
ペリッパー,なみのり,49.5
ペリッパー,おいかぜ,33.8
ペリッパー,ウェザーボール,31.5
ペリッパー,はねやすめ,12.9
ペリッパー,ハイドロポンプ,11.5
ペリッパー,こごえるかぜ,4.3
ペリッパー,でんこうせっか,3.9
カメックス,はどうだん,78.8
カメックス,みずのはどう,74.5
カメックス,からをやぶる,64.6
カメックス,あくのはどう,59.5
カメックス,れいとうビーム,38.3
カメックス,アクアジェット,22.4
カメックス,りゅうのはどう,13.4
カメックス,なみのり,9.6
カメックス,ハイドロポンプ,5.7
カメックス,こうそくスピン,5.5
カメックス,からをやぶる,79.5
カメックス,みずのはどう,75.3
カメックス,はどうだん,75.0
カメックス,れいとうビーム,46.6
カメックス,あくのはどう,45.3
カメックス,りゅうのはどう,20.4
カメックス,アクアジェット,12.2
カメックス,なみのり,9.9
カメックス,ハイドロポンプ,6.7
カメックス,みがわり,4.0
バイバニラ,ふぶき,93.5
バイバニラ,フリーズドライ,92.6
バイバニラ,こおりのつぶて,84.9
バイバニラ,ちょうはつ,60.4
バイバニラ,オーロラベール,35.7
バイバニラ,ぜったいれいど,13.3
バイバニラ,ミラーコート,5.2
バイバニラ,だいばくはつ,3.6
バイバニラ,ラスターカノン,3.6
バイバニラ,ウェザーボール,1.3
バイバニラ,フリーズドライ,92.8
バイバニラ,ふぶき,92.0
バイバニラ,こおりのつぶて,82.7
バイバニラ,ちょうはつ,60.7
バイバニラ,オーロラベール,36.2
バイバニラ,ぜったいれいど,10.8
バイバニラ,ミラーコート,7.4
バイバニラ,だいばくはつ,5.2
バイバニラ,ラスターカノン,2.9
バイバニラ,こごえるかぜ,1.7
ユキメノコ,ふぶき,96.8
ユキメノコ,シャドーボール,83.8
ユキメノコ,オーロラベール,69.1
ユキメノコ,１０まんボルト,41.6
ユキメノコ,みちづれ,28.4
ユキメノコ,おにび,15.0
ユキメノコ,わるだくみ,12.5
ユキメノコ,ちょうはつ,11.3
ユキメノコ,こおりのつぶて,7.9
ユキメノコ,たたりめ,6.9
ユキメノコ,ふぶき,95.8
ユキメノコ,シャドーボール,81.9
ユキメノコ,オーロラベール,72.1
ユキメノコ,１０まんボルト,34.4
ユキメノコ,みちづれ,29.0
ユキメノコ,ちょうはつ,18.8
ユキメノコ,おにび,15.3
ユキメノコ,わるだくみ,12.1
ユキメノコ,こおりのつぶて,7.6
ユキメノコ,たたりめ,7.1
カビゴン,じしん,55.6
カビゴン,あくび,48.3
カビゴン,れいとうパンチ,38.2
カビゴン,のしかかり,32.4
カビゴン,ねむる,24.4
カビゴン,じわれ,23.0
カビゴン,まもる,22.1
カビゴン,すてみタックル,21.1
カビゴン,じばく,18.2
カビゴン,ヒートスタンプ,12.2
カビゴン,じしん,60.0
カビゴン,あくび,52.1
カビゴン,のしかかり,34.7
カビゴン,れいとうパンチ,30.8
カビゴン,まもる,26.3
カビゴン,ねむる,24.9
カビゴン,じわれ,20.1
カビゴン,じばく,16.7
カビゴン,すてみタックル,15.5
カビゴン,のろい,12.4
ホルード,じしん,99.5
ホルード,でんこうせっか,85.9
ホルード,れいとうパンチ,85.3
ホルード,かみなりパンチ,49.0
ホルード,ほのおのパンチ,14.3
ホルード,がんせきふうじ,14.1
ホルード,ばかぢから,10.9
ホルード,のしかかり,5.4
ホルード,つるぎのまい,4.3
ホルード,とんぼがえり,4.1
ホルード,じしん,99.7
ホルード,でんこうせっか,89.3
ホルード,れいとうパンチ,85.0
ホルード,かみなりパンチ,42.7
ホルード,ばかぢから,14.6
ホルード,ほのおのパンチ,13.0
ホルード,がんせきふうじ,10.6
ホルード,のしかかり,7.2
ホルード,とんぼがえり,6.1
ホルード,つるぎのまい,5.8
ミロカロス,ねっとう,90.8
ミロカロス,じこさいせい,87.1
ミロカロス,ミラーコート,59.6
ミロカロス,れいとうビーム,58.7
ミロカロス,くろいきり,28.2
ミロカロス,まもる,8.2
ミロカロス,とぐろをまく,8.2
ミロカロス,さいみんじゅつ,8.2
ミロカロス,こごえるかぜ,6.3
ミロカロス,みわくのボイス,4.9
ミロカロス,ねっとう,92.2
ミロカロス,じこさいせい,88.9
ミロカロス,ミラーコート,60.1
ミロカロス,れいとうビーム,55.1
ミロカロス,くろいきり,31.8
ミロカロス,クイックターン,8.2
ミロカロス,こごえるかぜ,6.5
ミロカロス,とぐろをまく,5.8
ミロカロス,まもる,5.6
ミロカロス,みわくのボイス,5.6
エルレイド,せいなるつるぎ,91.0
エルレイド,サイコカッター,83.6
エルレイド,リーフブレード,67.7
エルレイド,かげうち,45.4
エルレイド,トリプルアクセル,22.1
エルレイド,つじぎり,21.5
エルレイド,つるぎのまい,7.7
エルレイド,シャドークロー,7.4
エルレイド,インファイト,6.4
エルレイド,みちづれ,5.9
エルレイド,せいなるつるぎ,88.5
エルレイド,サイコカッター,78.5
エルレイド,リーフブレード,60.8
エルレイド,かげうち,44.6
エルレイド,トリプルアクセル,28.9
エルレイド,つじぎり,19.5
エルレイド,つるぎのまい,10.6
エルレイド,シャドークロー,8.3
エルレイド,インファイト,6.8
エルレイド,みちづれ,5.1
サーナイト,ハイパーボイス,69.5
サーナイト,しんくうは,62.1
サーナイト,マジカルフレイム,50.0
サーナイト,サイコキネシス,47.4
サーナイト,１０まんボルト,29.5
サーナイト,ムーンフォース,29.2
サーナイト,めいそう,23.4
サーナイト,サイコショック,22.9
サーナイト,サイコノイズ,11.6
サーナイト,はどうだん,6.8
サーナイト,ハイパーボイス,71.2
サーナイト,しんくうは,62.2
サーナイト,サイコキネシス,46.2
サーナイト,マジカルフレイム,43.5
サーナイト,１０まんボルト,28.8
サーナイト,めいそう,28.0
サーナイト,サイコショック,26.5
サーナイト,ムーンフォース,26.5
サーナイト,サイコノイズ,11.8
サーナイト,トリック,5.8
バサギリ,がんせきアックス,100.0
バサギリ,シザークロス,76.6
バサギリ,インファイト,54.1
バサギリ,つじぎり,53.6
バサギリ,とんぼがえり,31.3
バサギリ,フェイント,13.2
バサギリ,おいかぜ,12.9
バサギリ,でんこうせっか,12.4
バサギリ,つばめがえし,9.1
バサギリ,つるぎのまい,6.6
バサギリ,がんせきアックス,99.8
バサギリ,シザークロス,68.3
バサギリ,インファイト,57.6
バサギリ,つじぎり,49.1
バサギリ,とんぼがえり,34.6
バサギリ,でんこうせっか,15.3
バサギリ,フェイント,13.9
バサギリ,おいかぜ,12.4
バサギリ,つるぎのまい,7.2
バサギリ,つばめがえし,7.1
スコヴィラン,やどりぎのタネ,92.1
スコヴィラン,まもる,90.7
スコヴィラン,ギガドレイン,67.9
スコヴィラン,かえんほうしゃ,65.1
スコヴィラン,みがわり,16.3
スコヴィラン,リーフストーム,16.3
スコヴィラン,しっとのほのお,15.8
スコヴィラン,ほのおのうず,7.6
スコヴィラン,オーバーヒート,6.5
スコヴィラン,フレアドライブ,3.4
スコヴィラン,やどりぎのタネ,91.1
スコヴィラン,まもる,88.3
スコヴィラン,ギガドレイン,68.6
スコヴィラン,かえんほうしゃ,64.3
スコヴィラン,リーフストーム,19.6
スコヴィラン,しっとのほのお,18.1
スコヴィラン,みがわり,14.5
スコヴィラン,オーバーヒート,9.7
スコヴィラン,ほのおのうず,3.3
スコヴィラン,フレアドライブ,2.6
エアームド,ブレイブバード,56.4
エアームド,はねやすめ,50.3
エアームド,ドリルライナー,44.7
エアームド,アイアンヘッド,44.4
エアームド,つるぎのまい,43.0
エアームド,ボディプレス,33.0
エアームド,ステルスロック,29.9
エアームド,てっぺき,24.9
エアームド,ふきとばし,20.1
エアームド,ちょうはつ,15.9
エアームド,はねやすめ,55.7
エアームド,ブレイブバード,50.6
エアームド,ステルスロック,40.2
エアームド,つるぎのまい,37.6
エアームド,ボディプレス,37.0
エアームド,ドリルライナー,35.4
エアームド,アイアンヘッド,32.8
エアームド,ふきとばし,26.0
エアームド,てっぺき,23.2
エアームド,ちょうはつ,22.0
アローラキュウコン,オーロラベール,89.9
アローラキュウコン,ふぶき,84.4
アローラキュウコン,ムーンフォース,73.2
アローラキュウコン,フリーズドライ,48.4
アローラキュウコン,アンコール,41.8
アローラキュウコン,わるだくみ,8.6
アローラキュウコン,こおりのつぶて,6.9
アローラキュウコン,めいそう,4.9
アローラキュウコン,ドレインキッス,4.3
アローラキュウコン,バトンタッチ,4.0
アローラキュウコン,オーロラベール,89.6
アローラキュウコン,ふぶき,79.9
アローラキュウコン,ムーンフォース,74.5
アローラキュウコン,フリーズドライ,52.3
アローラキュウコン,アンコール,51.1
アローラキュウコン,わるだくみ,7.8
アローラキュウコン,こおりのつぶて,7.0
アローラキュウコン,バトンタッチ,3.1
アローラキュウコン,めいそう,3.1
アローラキュウコン,こごえるかぜ,3.0
エルフーン,ムーンフォース,84.3
エルフーン,アンコール,63.5
エルフーン,やどりぎのタネ,53.0
エルフーン,おいかぜ,40.0
エルフーン,おきみやげ,31.0
エルフーン,みがわり,30.1
エルフーン,がむしゃら,19.1
エルフーン,ちょうはつ,17.1
エルフーン,コットンガード,13.6
エルフーン,ギガドレイン,11.0
エルフーン,ムーンフォース,83.7
エルフーン,アンコール,59.2
エルフーン,やどりぎのタネ,56.0
エルフーン,おきみやげ,39.1
エルフーン,みがわり,32.4
エルフーン,おいかぜ,29.7
エルフーン,ちょうはつ,21.1
エルフーン,コットンガード,17.9
エルフーン,ギガドレイン,12.2
エルフーン,がむしゃら,10.3
ガラルヤドキング,さむいギャグ,56.6
ガラルヤドキング,かえんほうしゃ,52.7
ガラルヤドキング,なまける,43.1
ガラルヤドキング,ヘドロばくだん,31.4
ガラルヤドキング,どくどく,29.0
ガラルヤドキング,ヘドロウェーブ,28.4
ガラルヤドキング,サイコキネシス,28.4
ガラルヤドキング,れいとうビーム,14.4
ガラルヤドキング,ぶきみなじゅもん,13.5
ガラルヤドキング,サイコノイズ,12.3
ガラルヤドキング,さむいギャグ,54.5
ガラルヤドキング,かえんほうしゃ,50.6
ガラルヤドキング,なまける,36.8
ガラルヤドキング,ヘドロばくだん,31.0
ガラルヤドキング,どくどく,30.3
ガラルヤドキング,ヘドロウェーブ,27.0
ガラルヤドキング,サイコキネシス,25.4
ガラルヤドキング,れいとうビーム,15.1
ガラルヤドキング,ぶきみなじゅもん,12.9
ガラルヤドキング,サイコノイズ,12.8
マリルリ,アクアジェット,92.0
マリルリ,じゃれつく,89.6
マリルリ,はらだいこ,64.7
マリルリ,アクアブレイク,51.3
マリルリ,ばかぢから,38.3
マリルリ,はたきおとす,10.7
マリルリ,アイススピナー,8.6
マリルリ,まもる,7.7
マリルリ,ほろびのうた,7.4
マリルリ,うずしお,6.8
マリルリ,アクアジェット,94.6
マリルリ,じゃれつく,93.1
マリルリ,はらだいこ,65.9
マリルリ,アクアブレイク,58.2
マリルリ,ばかぢから,38.9
マリルリ,はたきおとす,8.1
マリルリ,ほろびのうた,5.8
マリルリ,まもる,5.6
マリルリ,アイススピナー,5.6
マリルリ,アンコール,4.5
ヌメルゴン(ヒスイ),ラスターカノン,59.5
ヌメルゴン(ヒスイ),たてこもる,50.8
ヌメルゴン(ヒスイ),ボディプレス,46.8
ヌメルゴン(ヒスイ),１０まんボルト,36.0
ヌメルゴン(ヒスイ),りゅうせいぐん,33.8
ヌメルゴン(ヒスイ),れいとうビーム,27.5
ヌメルゴン(ヒスイ),かえんほうしゃ,23.3
ヌメルゴン(ヒスイ),アシッドボム,21.1
ヌメルゴン(ヒスイ),りゅうのはどう,12.1
ヌメルゴン(ヒスイ),だいもんじ,11.5
ヌメルゴン(ヒスイ),ラスターカノン,56.5
ヌメルゴン(ヒスイ),たてこもる,43.5
ヌメルゴン(ヒスイ),ボディプレス,42.4
ヌメルゴン(ヒスイ),１０まんボルト,40.8
ヌメルゴン(ヒスイ),りゅうせいぐん,37.4
ヌメルゴン(ヒスイ),かえんほうしゃ,31.4
ヌメルゴン(ヒスイ),れいとうビーム,29.2
ヌメルゴン(ヒスイ),アシッドボム,21.2
ヌメルゴン(ヒスイ),りゅうのはどう,11.7
ヌメルゴン(ヒスイ),だいもんじ,10.0
ヘラクロス,インファイト,91.6
ヘラクロス,ロックブラスト,85.8
ヘラクロス,タネマシンガン,75.9
ヘラクロス,ミサイルばり,53.6
ヘラクロス,じしん,47.0
ヘラクロス,くさわけ,10.2
ヘラクロス,つるぎのまい,6.6
ヘラクロス,メガホーン,6.6
ヘラクロス,はたきおとす,3.9
ヘラクロス,ビルドアップ,2.4
ヘラクロス,インファイト,91.3
ヘラクロス,ロックブラスト,86.7
ヘラクロス,タネマシンガン,78.9
ヘラクロス,ミサイルばり,56.5
ヘラクロス,じしん,47.3
ヘラクロス,くさわけ,13.5
ヘラクロス,つるぎのまい,5.3
ヘラクロス,メガホーン,2.9
ヘラクロス,フェイント,2.5
ヘラクロス,はたきおとす,2.3
ゾロアーク(ヒスイ),うらみつらみ,75.5
ゾロアーク(ヒスイ),かえんほうしゃ,39.1
ゾロアーク(ヒスイ),こごえるかぜ,36.7
ゾロアーク(ヒスイ),ハイパーボイス,30.7
ゾロアーク(ヒスイ),ちょうはつ,24.5
ゾロアーク(ヒスイ),おにび,20.6
ゾロアーク(ヒスイ),きあいだま,19.7
ゾロアーク(ヒスイ),わるだくみ,17.9
ゾロアーク(ヒスイ),シャドーボール,17.3
ゾロアーク(ヒスイ),トリック,14.6
ゾロアーク(ヒスイ),うらみつらみ,73.1
ゾロアーク(ヒスイ),かえんほうしゃ,44.0
ゾロアーク(ヒスイ),こごえるかぜ,31.3
ゾロアーク(ヒスイ),ハイパーボイス,26.3
ゾロアーク(ヒスイ),ちょうはつ,23.2
ゾロアーク(ヒスイ),きあいだま,21.7
ゾロアーク(ヒスイ),おにび,21.2
ゾロアーク(ヒスイ),シャドーボール,20.1
ゾロアーク(ヒスイ),わるだくみ,19.4
ゾロアーク(ヒスイ),おきみやげ,15.5
ドリュウズ,アイアンヘッド,95.2
ドリュウズ,じしん,93.6
ドリュウズ,いわなだれ,60.9
ドリュウズ,つのドリル,34.9
ドリュウズ,つるぎのまい,26.3
ドリュウズ,がんせきふうじ,18.3
ドリュウズ,こうそくスピン,16.3
ドリュウズ,ステルスロック,9.6
ドリュウズ,どくづき,6.1
ドリュウズ,かわらわり,5.8
ドリュウズ,じしん,97.5
ドリュウズ,アイアンヘッド,94.8
ドリュウズ,いわなだれ,56.0
ドリュウズ,つのドリル,32.2
ドリュウズ,つるぎのまい,24.4
ドリュウズ,がんせきふうじ,22.4
ドリュウズ,こうそくスピン,19.6
ドリュウズ,ステルスロック,13.3
ドリュウズ,どくづき,7.7
ドリュウズ,かわらわり,6.0
ドデカバシ,くちばしキャノン,99.0
ドデカバシ,タネマシンガン,72.1
ドデカバシ,はねやすめ,60.1
ドデカバシ,ロックブラスト,57.1
ドデカバシ,アンコール,45.5
ドデカバシ,とんぼがえり,28.6
ドデカバシ,はたきおとす,16.3
ドデカバシ,つるぎのまい,3.3
ドデカバシ,おいかぜ,3.0
ドデカバシ,やけっぱち,2.7
ドデカバシ,くちばしキャノン,97.8
ドデカバシ,タネマシンガン,75.0
ドデカバシ,ロックブラスト,58.7
ドデカバシ,はねやすめ,50.2
ドデカバシ,アンコール,47.3
ドデカバシ,とんぼがえり,27.0
ドデカバシ,はたきおとす,12.9
ドデカバシ,おいかぜ,3.9
ドデカバシ,やけっぱち,3.4
ドデカバシ,つるぎのまい,2.7
ジャローダ,リーフストーム,98.4
ジャローダ,へびにらみ,61.5
ジャローダ,りゅうのはどう,52.3
ジャローダ,ちょうはつ,42.4
ジャローダ,やどりぎのタネ,28.9
ジャローダ,ギガドレイン,22.0
ジャローダ,みがわり,20.7
ジャローダ,ミラーコート,13.2
ジャローダ,こうごうせい,10.9
ジャローダ,ひかりのかべ,10.2
ジャローダ,リーフストーム,99.4
ジャローダ,へびにらみ,69.6
ジャローダ,ちょうはつ,46.1
ジャローダ,りゅうのはどう,45.1
ジャローダ,やどりぎのタネ,29.7
ジャローダ,みがわり,22.5
ジャローダ,ギガドレイン,17.3
ジャローダ,ミラーコート,14.2
ジャローダ,リフレクター,13.0
ジャローダ,ひかりのかべ,9.6
メタモン,へんしん,100.0
メタモン,へんしん,100.0
ジュペッタ,みちづれ,96.2
ジュペッタ,ポルターガイスト,91.0
ジュペッタ,アンコール,82.4
ジュペッタ,かげうち,51.7
ジュペッタ,おにび,26.2
ジュペッタ,ダストシュート,11.4
ジュペッタ,ふいうち,10.0
ジュペッタ,ちょうはつ,7.2
ジュペッタ,はたきおとす,3.4
ジュペッタ,シャドークロー,3.1
ジュペッタ,みちづれ,96.5
ジュペッタ,ポルターガイスト,93.8
ジュペッタ,アンコール,77.0
ジュペッタ,かげうち,53.9
ジュペッタ,おにび,23.7
ジュペッタ,ダストシュート,16.4
ジュペッタ,ちょうはつ,9.4
ジュペッタ,ふいうち,8.9
ジュペッタ,つるぎのまい,2.7
ジュペッタ,シャドークロー,2.5
ガオガエン,すてゼリフ,78.6
ガオガエン,フレアドライブ,74.4
ガオガエン,ＤＤラリアット,69.4
ガオガエン,ねこだまし,51.6
ガオガエン,おにび,34.2
ガオガエン,ちょうはつ,14.6
ガオガエン,ドレインパンチ,8.2
ガオガエン,インファイト,7.8
ガオガエン,じごくづき,7.8
ガオガエン,ブレイズキック,6.4
ガオガエン,すてゼリフ,82.5
ガオガエン,フレアドライブ,71.6
ガオガエン,ＤＤラリアット,69.3
ガオガエン,おにび,42.8
ガオガエン,ねこだまし,39.5
ガオガエン,ちょうはつ,19.1
ガオガエン,ドレインパンチ,9.8
ガオガエン,インファイト,6.3
ガオガエン,ビルドアップ,5.9
ガオガエン,じごくづき,4.7
ヤミラミ,おにび,82.1
ヤミラミ,イカサマ,74.4
ヤミラミ,じこさいせい,61.8
ヤミラミ,アンコール,57.6
ヤミラミ,かなしばり,22.1
ヤミラミ,まもる,11.1
ヤミラミ,ちょうはつ,9.2
ヤミラミ,メタルバースト,8.8
ヤミラミ,めいそう,8.4
ヤミラミ,はたきおとす,8.0
ヤミラミ,おにび,76.4
ヤミラミ,じこさいせい,60.4
ヤミラミ,イカサマ,58.4
ヤミラミ,アンコール,54.8
ヤミラミ,かなしばり,20.2
ヤミラミ,はたきおとす,12.9
ヤミラミ,ちょうはつ,10.3
ヤミラミ,ひかりのかべ,9.8
ヤミラミ,メタルバースト,9.8
ヤミラミ,めいそう,8.8
ブリムオン,トリックルーム,67.1
ブリムオン,マジカルフレイム,62.7
ブリムオン,サイコキネシス,47.4
ブリムオン,マジカルシャイン,39.4
ブリムオン,ミストバースト,33.7
ブリムオン,ドレインキッス,29.7
ブリムオン,めいそう,24.1
ブリムオン,サイコショック,17.3
ブリムオン,サイコノイズ,13.7
ブリムオン,いやしのねがい,13.3
ブリムオン,マジカルフレイム,64.4
ブリムオン,トリックルーム,61.6
ブリムオン,サイコキネシス,44.1
ブリムオン,マジカルシャイン,37.3
ブリムオン,ミストバースト,34.3
ブリムオン,ドレインキッス,32.8
ブリムオン,めいそう,27.9
ブリムオン,サイコショック,17.3
ブリムオン,サイコノイズ,15.5
ブリムオン,いやしのねがい,12.7
デカヌチャン,デカハンマー,95.2
デカヌチャン,ステルスロック,59.8
デカヌチャン,アンコール,54.6
デカヌチャン,じゃれつく,49.0
デカヌチャン,はたきおとす,42.2
デカヌチャン,でんじは,19.5
デカヌチャン,ねこだまし,17.5
デカヌチャン,アイスハンマー,15.5
デカヌチャン,つるぎのまい,8.4
デカヌチャン,がんせきふうじ,7.2
デカヌチャン,デカハンマー,95.7
デカヌチャン,アンコール,61.5
デカヌチャン,ステルスロック,60.8
デカヌチャン,はたきおとす,43.3
デカヌチャン,じゃれつく,42.4
デカヌチャン,でんじは,17.0
デカヌチャン,アイスハンマー,13.0
デカヌチャン,ねこだまし,12.8
デカヌチャン,つるぎのまい,11.4
デカヌチャン,がんせきふうじ,11.1
エレザード,１０まんボルト,75.4
エレザード,しっぽきり,67.4
エレザード,ボルトチェンジ,60.2
エレザード,へびにらみ,54.2
エレザード,なみのり,21.2
エレザード,ハイパーボイス,16.9
エレザード,きあいだま,14.4
エレザード,りゅうのはどう,11.0
エレザード,あくのはどう,9.7
エレザード,かみなり,8.1
エレザード,１０まんボルト,74.5
エレザード,しっぽきり,71.4
エレザード,へびにらみ,54.0
エレザード,ボルトチェンジ,50.7
エレザード,なみのり,24.5
エレザード,ハイパーボイス,18.0
エレザード,きあいだま,13.8
エレザード,りゅうのはどう,11.6
エレザード,くさむすび,10.8
エレザード,あくのはどう,10.0
イッカネズミ(3匹),ネズミざん,93.6
イッカネズミ(3匹),おかたづけ,82.4
イッカネズミ(3匹),アンコール,52.4
イッカネズミ(3匹),かみつく,35.2
イッカネズミ(3匹),バトンタッチ,28.0
イッカネズミ(3匹),タネマシンガン,24.4
イッカネズミ(3匹),とんぼがえり,10.0
イッカネズミ(3匹),ちょうはつ,8.8
イッカネズミ(3匹),じゃれつく,8.4
イッカネズミ(3匹),でんじは,6.8
イッカネズミ(3匹),ネズミざん,90.2
イッカネズミ(3匹),おかたづけ,83.6
イッカネズミ(3匹),アンコール,56.4
イッカネズミ(3匹),かみつく,32.9
イッカネズミ(3匹),バトンタッチ,31.2
イッカネズミ(3匹),タネマシンガン,27.0
イッカネズミ(3匹),じゃれつく,8.7
イッカネズミ(3匹),ちょうはつ,8.3
イッカネズミ(3匹),とんぼがえり,7.4
イッカネズミ(3匹),いかりのまえば,6.7
プテラ,ダブルウイング,81.4
プテラ,いわなだれ,57.2
プテラ,こおりのキバ,53.0
プテラ,じしん,49.3
プテラ,ちょうはつ,26.0
プテラ,りゅうのまい,21.4
プテラ,おいかぜ,14.0
プテラ,ストーンエッジ,14.0
プテラ,ステルスロック,12.6
プテラ,かみくだく,12.1
プテラ,ダブルウイング,81.0
プテラ,こおりのキバ,59.2
プテラ,じしん,56.2
プテラ,いわなだれ,45.1
プテラ,ちょうはつ,33.4
プテラ,ストーンエッジ,20.3
プテラ,りゅうのまい,15.6
プテラ,ステルスロック,14.0
プテラ,かみくだく,10.8
プテラ,アイアンヘッド,10.3
ヤドラン,なまける,89.0
ヤドラン,ねっとう,73.9
ヤドラン,てっぺき,44.0
ヤドラン,ボディプレス,35.8
ヤドラン,かえんほうしゃ,23.9
ヤドラン,めいそう,22.5
ヤドラン,あくび,21.1
ヤドラン,れいとうビーム,21.1
ヤドラン,なみのり,13.3
ヤドラン,サイコキネシス,9.2
ヤドラン,なまける,84.7
ヤドラン,ねっとう,77.5
ヤドラン,てっぺき,46.1
ヤドラン,ボディプレス,34.3
ヤドラン,めいそう,31.5
ヤドラン,れいとうビーム,22.8
ヤドラン,かえんほうしゃ,16.2
ヤドラン,サイコキネシス,16.0
ヤドラン,あくび,10.6
ヤドラン,アシストパワー,9.4
グレンアルマ,アーマーキャノン,90.5
グレンアルマ,みちづれ,57.3
グレンアルマ,サイコキネシス,50.9
グレンアルマ,サイコフィールド,38.8
グレンアルマ,ワイドフォース,36.2
グレンアルマ,エナジーボール,27.6
グレンアルマ,はどうだん,23.3
グレンアルマ,きあいだま,10.8
グレンアルマ,サイコショック,9.5
グレンアルマ,もえつきる,5.6
グレンアルマ,アーマーキャノン,90.8
グレンアルマ,みちづれ,54.7
グレンアルマ,サイコキネシス,49.3
グレンアルマ,サイコフィールド,35.8
グレンアルマ,ワイドフォース,33.8
グレンアルマ,エナジーボール,26.4
グレンアルマ,はどうだん,23.1
グレンアルマ,サイコショック,12.0
グレンアルマ,きあいだま,9.4
グレンアルマ,こらえる,7.3
シャンデラ,シャドーボール,86.8
シャンデラ,エナジーボール,62.7
シャンデラ,かえんほうしゃ,60.0
シャンデラ,オーバーヒート,35.0
シャンデラ,トリック,20.5
シャンデラ,サイコキネシス,17.7
シャンデラ,おにび,17.3
シャンデラ,ちいさくなる,15.9
シャンデラ,めいそう,12.3
シャンデラ,たたりめ,9.5
シャンデラ,シャドーボール,90.9
シャンデラ,エナジーボール,62.8
シャンデラ,かえんほうしゃ,60.2
シャンデラ,オーバーヒート,35.1
シャンデラ,トリック,24.0
シャンデラ,サイコキネシス,16.9
シャンデラ,おにび,15.4
シャンデラ,ちいさくなる,12.4
シャンデラ,だいもんじ,10.1
シャンデラ,めいそう,9.9
ウツボット,ちからをすいとる,95.7
ウツボット,ふいうち,62.8
ウツボット,ギガドレイン,54.3
ウツボット,ヘドロウェーブ,41.5
ウツボット,アンコール,24.4
ウツボット,どくづき,16.7
ウツボット,どくどく,16.2
ウツボット,ヘドロばくだん,13.7
ウツボット,はたきおとす,13.7
ウツボット,パワーウィップ,13.7
ウツボット,ちからをすいとる,97.1
ウツボット,ふいうち,64.2
ウツボット,ギガドレイン,57.5
ウツボット,ヘドロウェーブ,40.1
ウツボット,アンコール,19.7
ウツボット,どくづき,18.7
ウツボット,ヘドロばくだん,17.0
ウツボット,パワーウィップ,14.7
ウツボット,どくどく,12.0
ウツボット,はたきおとす,10.5
エーフィ,サイコキネシス,77.2
エーフィ,みわくのボイス,46.5
エーフィ,パワージェム,34.7
エーフィ,トリック,33.7
エーフィ,シャドーボール,31.2
エーフィ,あくび,22.8
エーフィ,めいそう,21.8
エーフィ,マジカルシャイン,18.8
エーフィ,くさむすび,14.4
エーフィ,サイコショック,14.4
エーフィ,サイコキネシス,74.4
エーフィ,みわくのボイス,47.8
エーフィ,トリック,35.2
エーフィ,シャドーボール,33.4
エーフィ,パワージェム,32.8
エーフィ,あくび,24.3
エーフィ,マジカルシャイン,21.6
エーフィ,めいそう,20.5
エーフィ,くさむすび,17.1
エーフィ,リフレクター,11.6
ローブシン,マッハパンチ,95.9
ローブシン,ドレインパンチ,89.9
ローブシン,れいとうパンチ,78.9
ローブシン,はたきおとす,33.9
ローブシン,かみなりパンチ,27.1
ローブシン,じしん,26.1
ローブシン,どくづき,9.2
ローブシン,ビルドアップ,7.8
ローブシン,インファイト,6.9
ローブシン,ほのおのパンチ,6.9
ローブシン,マッハパンチ,95.7
ローブシン,ドレインパンチ,92.9
ローブシン,れいとうパンチ,75.7
ローブシン,じしん,36.1
ローブシン,はたきおとす,32.8
ローブシン,かみなりパンチ,25.4
ローブシン,ほのおのパンチ,10.1
ローブシン,ビルドアップ,9.4
ローブシン,どくづき,3.0
ローブシン,インファイト,2.8
ウインディ(ヒスイ),フレアドライブ,98.0
ウインディ(ヒスイ),もろはのずつき,89.8
ウインディ(ヒスイ),しんそく,71.6
ウインディ(ヒスイ),ワイルドボルト,55.3
ウインディ(ヒスイ),インファイト,29.4
ウインディ(ヒスイ),ステルスロック,12.7
ウインディ(ヒスイ),おにび,5.6
ウインディ(ヒスイ),がんせきふうじ,4.6
ウインディ(ヒスイ),いわなだれ,4.1
ウインディ(ヒスイ),あさのひざし,4.1
ウインディ(ヒスイ),フレアドライブ,96.8
ウインディ(ヒスイ),もろはのずつき,91.7
ウインディ(ヒスイ),しんそく,68.2
ウインディ(ヒスイ),ワイルドボルト,49.6
ウインディ(ヒスイ),インファイト,33.3
ウインディ(ヒスイ),ステルスロック,13.2
ウインディ(ヒスイ),おにび,6.2
ウインディ(ヒスイ),げきりん,5.4
ウインディ(ヒスイ),あさのひざし,4.1
ウインディ(ヒスイ),ニトロチャージ,3.7
スピアー,どくづき,96.5
スピアー,ドリルライナー,82.9
スピアー,とんぼがえり,78.4
スピアー,はたきおとす,48.2
スピアー,とどめばり,44.2
スピアー,とびかかる,12.6
スピアー,ダブルウイング,5.5
スピアー,つるぎのまい,5.0
スピアー,まもる,4.0
スピアー,シザークロス,3.5
スピアー,どくづき,95.0
スピアー,ドリルライナー,83.2
スピアー,とんぼがえり,78.8
スピアー,とどめばり,48.2
スピアー,はたきおとす,37.2
スピアー,とびかかる,13.5
スピアー,まもる,6.0
スピアー,つるぎのまい,5.1
スピアー,じごくづき,4.5
スピアー,クロスポイズン,4.1
ボスゴドラ,ボディプレス,87.3
ボスゴドラ,てっぺき,70.9
ボスゴドラ,ヘビーボンバー,61.9
ボスゴドラ,じしん,39.7
ボスゴドラ,メタルバースト,18.5
ボスゴドラ,ステルスロック,17.5
ボスゴドラ,アイアンヘッド,16.9
ボスゴドラ,ストーンエッジ,12.2
ボスゴドラ,れいとうパンチ,12.2
ボスゴドラ,ねむる,10.6
ボスゴドラ,ボディプレス,85.2
ボスゴドラ,てっぺき,64.8
ボスゴドラ,ヘビーボンバー,61.1
ボスゴドラ,じしん,38.9
ボスゴドラ,メタルバースト,24.8
ボスゴドラ,ステルスロック,19.8
ボスゴドラ,アイアンヘッド,14.6
ボスゴドラ,ストーンエッジ,11.3
ボスゴドラ,れいとうパンチ,10.3
ボスゴドラ,ゆきなだれ,10.1
ヤバソチャ,シャカシャカほう,96.4
ヤバソチャ,ちからをすいとる,89.7
ヤバソチャ,シャドーボール,67.2
ヤバソチャ,めいそう,56.4
ヤバソチャ,ねっとう,19.5
ヤバソチャ,トリックルーム,10.8
ヤバソチャ,いかりのこな,8.7
ヤバソチャ,たたりめ,8.2
ヤバソチャ,のろい,6.2
ヤバソチャ,いのちのしずく,5.1
ヤバソチャ,シャカシャカほう,95.4
ヤバソチャ,ちからをすいとる,93.3
ヤバソチャ,シャドーボール,70.8
ヤバソチャ,めいそう,60.5
ヤバソチャ,ねっとう,25.7
ヤバソチャ,たたりめ,8.8
ヤバソチャ,のろい,6.6
ヤバソチャ,トリックルーム,5.4
ヤバソチャ,みがわり,4.2
ヤバソチャ,イカサマ,3.8
ルチャブル,ブレイブバード,65.0
ルチャブル,つるぎのまい,55.4
ルチャブル,とびひざげり,51.4
ルチャブル,ストーンエッジ,38.4
ルチャブル,インファイト,34.5
ルチャブル,みがわり,23.7
ルチャブル,アクロバット,18.6
ルチャブル,ダブルウイング,12.4
ルチャブル,アンコール,10.7
ルチャブル,ちょうはつ,10.7
ルチャブル,ブレイブバード,59.5
ルチャブル,つるぎのまい,52.4
ルチャブル,とびひざげり,50.7
ルチャブル,ストーンエッジ,37.4
ルチャブル,インファイト,34.9
ルチャブル,みがわり,21.4
ルチャブル,アンコール,17.3
ルチャブル,アクロバット,15.6
ルチャブル,ダブルウイング,13.1
ルチャブル,ちょうはつ,11.4
ポットデス,からをやぶる,98.9
ポットデス,シャドーボール,86.8
ポットデス,バトンタッチ,72.4
ポットデス,ちからをすいとる,51.7
ポットデス,アシストパワー,44.8
ポットデス,ギガドレイン,13.8
ポットデス,みがわり,10.9
ポットデス,ふいうち,4.0
ポットデス,まもる,2.9
ポットデス,おにび,2.3
ポットデス,からをやぶる,97.8
ポットデス,シャドーボール,79.4
ポットデス,バトンタッチ,66.6
ポットデス,アシストパワー,52.8
ポットデス,ちからをすいとる,52.6
ポットデス,ギガドレイン,14.4
ポットデス,みがわり,11.8
ポットデス,ふいうち,4.7
ポットデス,おにび,4.6
ポットデス,おきみやげ,1.8
サメハダー,かみくだく,81.9
サメハダー,まもる,77.1
サメハダー,みちづれ,55.4
サメハダー,インファイト,37.3
サメハダー,こおりのキバ,36.1
サメハダー,たきのぼり,22.3
サメハダー,アクアブレイク,22.3
サメハダー,れいとうビーム,10.8
サメハダー,サイコファング,10.2
サメハダー,ゆきなだれ,8.4
サメハダー,かみくだく,78.7
サメハダー,まもる,76.6
サメハダー,みちづれ,60.2
サメハダー,こおりのキバ,42.5
サメハダー,インファイト,36.5
サメハダー,アクアブレイク,18.0
サメハダー,たきのぼり,17.8
サメハダー,れいとうビーム,11.2
サメハダー,サイコファング,9.7
サメハダー,ゆきなだれ,8.2
ゴウカザル,ステルスロック,39.6
ゴウカザル,インファイト,34.3
ゴウカザル,マッハパンチ,28.4
ゴウカザル,ちょうはつ,24.3
ゴウカザル,おにび,23.1
ゴウカザル,がんせきふうじ,23.1
ゴウカザル,かみなりパンチ,21.9
ゴウカザル,オーバーヒート,20.1
ゴウカザル,フレアドライブ,20.1
ゴウカザル,ほのおのパンチ,17.2
ゴウカザル,インファイト,44.9
ゴウカザル,ステルスロック,37.2
ゴウカザル,フレアドライブ,27.1
ゴウカザル,マッハパンチ,25.8
ゴウカザル,がんせきふうじ,23.4
ゴウカザル,おにび,22.5
ゴウカザル,かみなりパンチ,19.9
ゴウカザル,ちょうはつ,19.5
ゴウカザル,オーバーヒート,17.3
ゴウカザル,とんぼがえり,16.0
ウェーニバル,アクアステップ,98.8
ウェーニバル,インファイト,88.0
ウェーニバル,トリプルアクセル,52.7
ウェーニバル,アクアジェット,35.3
ウェーニバル,アイススピナー,22.2
ウェーニバル,アンコール,15.0
ウェーニバル,つるぎのまい,11.4
ウェーニバル,こうそくスピン,10.2
ウェーニバル,はたきおとす,9.6
ウェーニバル,バトンタッチ,8.4
ウェーニバル,アクアステップ,96.6
ウェーニバル,インファイト,83.9
ウェーニバル,トリプルアクセル,47.3
ウェーニバル,アクアジェット,32.9
ウェーニバル,アイススピナー,25.2
ウェーニバル,つるぎのまい,16.5
ウェーニバル,アンコール,15.7
ウェーニバル,こうそくスピン,13.0
ウェーニバル,バトンタッチ,9.8
ウェーニバル,はたきおとす,7.7
シャワーズ,ねがいごと,59.3
シャワーズ,ねっとう,52.1
シャワーズ,あくび,50.3
シャワーズ,まもる,44.3
シャワーズ,クイックターン,41.3
シャワーズ,れいとうビーム,31.1
シャワーズ,めいそう,22.2
シャワーズ,とける,21.6
シャワーズ,バトンタッチ,15.0
シャワーズ,シャドーボール,11.4
シャワーズ,ねがいごと,58.3
シャワーズ,ねっとう,54.9
シャワーズ,あくび,53.3
シャワーズ,まもる,45.7
シャワーズ,クイックターン,44.9
シャワーズ,めいそう,24.9
シャワーズ,れいとうビーム,24.7
シャワーズ,とける,23.2
シャワーズ,バトンタッチ,15.8
シャワーズ,なみのり,8.7
ミミズズ,しっぽきり,89.0
ミミズズ,ボディプレス,82.9
ミミズズ,ステルスロック,68.0
ミミズズ,てっぺき,48.1
ミミズズ,メタルバースト,23.8
ミミズズ,ヘビーボンバー,17.7
ミミズズ,アイアンヘッド,13.3
ミミズズ,じしん,13.3
ミミズズ,がんせきふうじ,8.8
ミミズズ,ねむる,5.0
ミミズズ,しっぽきり,90.9
ミミズズ,ボディプレス,82.8
ミミズズ,ステルスロック,74.3
ミミズズ,てっぺき,42.3
ミミズズ,メタルバースト,22.5
ミミズズ,ヘビーボンバー,20.5
ミミズズ,アイアンヘッド,15.1
ミミズズ,じしん,11.6
ミミズズ,がんせきふうじ,10.5
ミミズズ,まきびし,4.9
ヤドラン (ガラル),シェルアームズ,89.0
ヤドラン (ガラル),サイコキネシス,64.9
ヤドラン (ガラル),れいとうビーム,55.8
ヤドラン (ガラル),かえんほうしゃ,45.5
ヤドラン (ガラル),わるだくみ,14.9
ヤドラン (ガラル),なまける,13.0
ヤドラン (ガラル),だいもんじ,11.7
ヤドラン (ガラル),なみのり,10.4
ヤドラン (ガラル),きあいだま,9.1
ヤドラン (ガラル),パワージェム,8.4
ヤドラン (ガラル),シェルアームズ,84.6
ヤドラン (ガラル),サイコキネシス,61.8
ヤドラン (ガラル),れいとうビーム,55.9
ヤドラン (ガラル),かえんほうしゃ,50.4
ヤドラン (ガラル),だいもんじ,11.4
ヤドラン (ガラル),なまける,11.3
ヤドラン (ガラル),わるだくみ,11.1
ヤドラン (ガラル),パワージェム,9.5
ヤドラン (ガラル),サイコショック,8.4
ヤドラン (ガラル),きあいだま,7.8
オーダイル,アクアブレイク,79.1
オーダイル,りゅうのまい,64.2
オーダイル,すてみタックル,41.8
オーダイル,アクアジェット,41.8
オーダイル,じしん,37.3
オーダイル,のしかかり,25.4
オーダイル,れいとうパンチ,23.1
オーダイル,たきのぼり,10.4
オーダイル,あばれる,10.4
オーダイル,かみくだく,9.0
オーダイル,アクアブレイク,78.2
オーダイル,りゅうのまい,71.7
オーダイル,アクアジェット,46.8
オーダイル,すてみタックル,45.9
オーダイル,れいとうパンチ,31.9
オーダイル,のしかかり,27.9
オーダイル,じしん,24.8
オーダイル,たきのぼり,11.0
オーダイル,つるぎのまい,10.0
オーダイル,あばれる,6.9
イルカマン(ナイーブ),ジェットパンチ,81.6
イルカマン(ナイーブ),クイックターン,76.9
イルカマン(ナイーブ),ウェーブタックル,68.0
イルカマン(ナイーブ),インファイト,53.7
イルカマン(ナイーブ),れいとうパンチ,51.0
イルカマン(ナイーブ),ドレインパンチ,27.2
イルカマン(ナイーブ),ビルドアップ,15.6
イルカマン(ナイーブ),アイアンヘッド,5.4
イルカマン(ナイーブ),アンコール,3.4
イルカマン(ナイーブ),アクアブレイク,2.7
イルカマン(ナイーブ),ジェットパンチ,80.1
イルカマン(ナイーブ),クイックターン,78.9
イルカマン(ナイーブ),ウェーブタックル,69.5
イルカマン(ナイーブ),インファイト,53.9
イルカマン(ナイーブ),れいとうパンチ,51.2
イルカマン(ナイーブ),ドレインパンチ,25.7
イルカマン(ナイーブ),ビルドアップ,14.6
イルカマン(ナイーブ),ちょうはつ,4.1
イルカマン(ナイーブ),アンコール,2.7
イルカマン(ナイーブ),アクロバット,2.5
フーディン,サイコキネシス,78.0
フーディン,シャドーボール,59.8
フーディン,マジカルシャイン,59.8
フーディン,きあいだま,57.6
フーディン,わるだくみ,26.5
フーディン,エナジーボール,20.5
フーディン,アンコール,18.2
フーディン,ワイドフォース,18.2
フーディン,めいそう,11.4
フーディン,サイコフィールド,9.1
フーディン,サイコキネシス,82.9
フーディン,きあいだま,56.8
フーディン,シャドーボール,53.0
フーディン,マジカルシャイン,52.0
フーディン,アンコール,30.1
フーディン,わるだくみ,24.4
フーディン,エナジーボール,23.4
フーディン,ワイドフォース,10.9
フーディン,まもる,8.9
フーディン,サイコショック,8.6
ブリガロン,ボディプレス,92.2
ブリガロン,てっぺき,75.9
ブリガロン,こうごうせい,73.8
ブリガロン,やどりぎのタネ,48.9
ブリガロン,はたきおとす,24.1
ブリガロン,ニードルガード,22.7
ブリガロン,じしん,16.3
ブリガロン,ウッドハンマー,9.2
ブリガロン,タネばくだん,6.4
ブリガロン,ドレインパンチ,5.0
ブリガロン,ボディプレス,87.2
ブリガロン,こうごうせい,70.0
ブリガロン,てっぺき,65.1
ブリガロン,やどりぎのタネ,48.6
ブリガロン,はたきおとす,31.4
ブリガロン,ニードルガード,21.9
ブリガロン,じしん,14.9
ブリガロン,タネばくだん,10.9
ブリガロン,ウッドハンマー,10.8
ブリガロン,ドレインパンチ,10.0
ビビヨン,ねむりごな,99.3
ビビヨン,ちょうのまい,96.3
ビビヨン,ぼうふう,94.1
ビビヨン,みがわり,72.6
ビビヨン,むしのさざめき,17.0
ビビヨン,ドレインキッス,5.9
ビビヨン,まもる,3.0
ビビヨン,おいかぜ,2.2
ビビヨン,ギガドレイン,1.5
ビビヨン,エアスラッシュ,1.5
ビビヨン,ねむりごな,99.3
ビビヨン,ちょうのまい,95.9
ビビヨン,ぼうふう,93.4
ビビヨン,みがわり,79.6
ビビヨン,むしのさざめき,11.0
ビビヨン,エアスラッシュ,3.9
ビビヨン,おいかぜ,3.5
ビビヨン,ギガドレイン,3.3
ビビヨン,ドレインキッス,2.1
ビビヨン,とんぼがえり,1.5
チリーン,じこさいせい,85.8
チリーン,アシストパワー,56.7
チリーン,めいそう,53.5
チリーン,コスモパワー,40.9
チリーン,ラスターカノン,40.2
チリーン,ばくおんぱ,21.3
チリーン,ドレインキッス,12.6
チリーン,サイコショック,11.8
チリーン,サイコノイズ,11.8
チリーン,サイコキネシス,11.0
チリーン,じこさいせい,82.6
チリーン,めいそう,50.5
チリーン,アシストパワー,47.4
チリーン,ラスターカノン,41.1
チリーン,コスモパワー,33.9
チリーン,ばくおんぱ,20.1
チリーン,サイコキネシス,17.2
チリーン,サイコノイズ,15.9
チリーン,ドレインキッス,15.1
チリーン,ちょうはつ,9.1
カイロス,でんこうせっか,82.9
カイロス,つるぎのまい,78.9
カイロス,やまあらし,58.5
カイロス,あばれる,52.0
カイロス,じしん,35.0
カイロス,のしかかり,34.1
カイロス,フェイント,12.2
カイロス,インファイト,10.6
カイロス,とびかかる,8.9
カイロス,からげんき,4.9
カイロス,でんこうせっか,78.2
カイロス,つるぎのまい,74.9
カイロス,あばれる,53.1
カイロス,やまあらし,44.7
カイロス,じしん,43.7
カイロス,のしかかり,35.5
カイロス,インファイト,14.7
カイロス,フェイント,11.3
カイロス,ハサミギロチン,9.6
カイロス,とびかかる,7.0
ケケンカニ,マッハパンチ,85.7
ケケンカニ,アイスハンマー,84.9
ケケンカニ,ドレインパンチ,82.5
ケケンカニ,かみなりパンチ,78.6
ケケンカニ,インファイト,13.5
ケケンカニ,じしん,12.7
ケケンカニ,れいとうパンチ,11.9
ケケンカニ,クラブハンマー,7.9
ケケンカニ,ビルドアップ,6.3
ケケンカニ,はたきおとす,4.0
ケケンカニ,マッハパンチ,88.0
ケケンカニ,アイスハンマー,85.9
ケケンカニ,ドレインパンチ,77.7
ケケンカニ,かみなりパンチ,70.1
ケケンカニ,インファイト,17.7
ケケンカニ,じしん,14.0
ケケンカニ,れいとうパンチ,11.2
ケケンカニ,ビルドアップ,8.7
ケケンカニ,クラブハンマー,7.0
ケケンカニ,はたきおとす,5.9
ウインディ,おにび,64.2
ウインディ,あさのひざし,56.9
ウインディ,しんそく,53.7
ウインディ,フレアドライブ,51.2
ウインディ,かえんほうしゃ,33.3
ウインディ,じゃれつく,24.4
ウインディ,バークアウト,21.1
ウインディ,インファイト,15.4
ウインディ,ワイルドボルト,13.8
ウインディ,ほえる,12.2
ウインディ,おにび,69.8
ウインディ,あさのひざし,66.4
ウインディ,しんそく,49.0
ウインディ,フレアドライブ,45.8
ウインディ,かえんほうしゃ,38.0
ウインディ,バークアウト,22.2
ウインディ,じゃれつく,19.8
ウインディ,ほえる,18.1
ウインディ,ワイルドボルト,13.9
ウインディ,インファイト,11.7
バクフーン(ヒスイ),ふんか,82.7
バクフーン(ヒスイ),ひゃっきやこう,62.7
バクフーン(ヒスイ),シャドーボール,53.6
バクフーン(ヒスイ),きあいだま,47.3
バクフーン(ヒスイ),かえんほうしゃ,29.1
バクフーン(ヒスイ),オーバーヒート,20.0
バクフーン(ヒスイ),おにび,14.5
バクフーン(ヒスイ),じんつうりき,12.7
バクフーン(ヒスイ),もえつきる,9.1
バクフーン(ヒスイ),のろい,8.2
バクフーン(ヒスイ),ふんか,80.2
バクフーン(ヒスイ),ひゃっきやこう,56.2
バクフーン(ヒスイ),シャドーボール,56.0
バクフーン(ヒスイ),きあいだま,44.8
バクフーン(ヒスイ),かえんほうしゃ,28.8
バクフーン(ヒスイ),オーバーヒート,19.0
バクフーン(ヒスイ),おにび,17.8
バクフーン(ヒスイ),じんつうりき,16.1
バクフーン(ヒスイ),もえつきる,10.9
バクフーン(ヒスイ),のろい,8.1
ジュナイパー(ヒスイ),３ぼんのや,97.4
ジュナイパー(ヒスイ),リーフブレード,80.0
ジュナイパー(ヒスイ),ふいうち,55.7
ジュナイパー(ヒスイ),とんぼがえり,35.7
ジュナイパー(ヒスイ),ブレイブバード,16.5
ジュナイパー(ヒスイ),がんせきふうじ,14.8
ジュナイパー(ヒスイ),かげうち,13.0
ジュナイパー(ヒスイ),つるぎのまい,9.6
ジュナイパー(ヒスイ),はたきおとす,8.7
ジュナイパー(ヒスイ),シャドークロー,8.7
ジュナイパー(ヒスイ),３ぼんのや,98.2
ジュナイパー(ヒスイ),リーフブレード,84.4
ジュナイパー(ヒスイ),ふいうち,54.8
ジュナイパー(ヒスイ),とんぼがえり,30.3
ジュナイパー(ヒスイ),かげうち,19.3
ジュナイパー(ヒスイ),ブレイブバード,13.9
ジュナイパー(ヒスイ),つるぎのまい,12.9
ジュナイパー(ヒスイ),がんせきふうじ,10.9
ジュナイパー(ヒスイ),はたきおとす,8.6
ジュナイパー(ヒスイ),はやてがえし,8.2
ファイアロー,フレアドライブ,54.5
ファイアロー,おにび,45.5
ファイアロー,ブレイブバード,44.6
ファイアロー,おいかぜ,42.6
ファイアロー,はねやすめ,32.7
ファイアロー,ちょうはつ,30.7
ファイアロー,アクロバット,27.7
ファイアロー,とんぼがえり,20.8
ファイアロー,ダブルウイング,12.9
ファイアロー,かえんほうしゃ,9.9
ファイアロー,フレアドライブ,54.0
ファイアロー,おにび,48.3
ファイアロー,ブレイブバード,46.6
ファイアロー,はねやすめ,40.9
ファイアロー,ちょうはつ,40.4
ファイアロー,アクロバット,31.5
ファイアロー,とんぼがえり,28.1
ファイアロー,おいかぜ,20.6
ファイアロー,つるぎのまい,10.2
ファイアロー,かえんほうしゃ,8.4
カイリキー,ばくれつパンチ,88.0
カイリキー,ストーンエッジ,75.0
カイリキー,バレットパンチ,71.0
カイリキー,れいとうパンチ,67.0
カイリキー,じしん,25.0
カイリキー,はたきおとす,10.0
カイリキー,どくづき,9.0
カイリキー,ＤＤラリアット,8.0
カイリキー,クロスチョップ,7.0
カイリキー,ビルドアップ,4.0
カイリキー,ばくれつパンチ,82.4
カイリキー,バレットパンチ,76.1
カイリキー,ストーンエッジ,72.4
カイリキー,れいとうパンチ,60.7
カイリキー,はたきおとす,19.0
カイリキー,じしん,16.3
カイリキー,ＤＤラリアット,8.3
カイリキー,どくづき,8.0
カイリキー,ドレインパンチ,7.7
カイリキー,インファイト,6.0
マニューラ,はたきおとす,77.7
マニューラ,トリプルアクセル,68.0
マニューラ,こおりのつぶて,57.3
マニューラ,ねこだまし,39.8
マニューラ,けたぐり,22.3
マニューラ,つららおとし,18.4
マニューラ,ちょうはつ,13.6
マニューラ,つるぎのまい,10.7
マニューラ,はやてがえし,9.7
マニューラ,どくづき,8.7
マニューラ,はたきおとす,73.5
マニューラ,トリプルアクセル,62.3
マニューラ,こおりのつぶて,59.9
マニューラ,けたぐり,30.8
マニューラ,ねこだまし,27.9
マニューラ,どくづき,19.0
マニューラ,つららおとし,18.1
マニューラ,つるぎのまい,13.3
マニューラ,じごくづき,11.5
マニューラ,ちょうはつ,11.5
ユキノオー,ふぶき,97.3
ユキノオー,ギガドレイン,52.3
ユキノオー,こおりのつぶて,52.3
ユキノオー,だいちのちから,49.5
ユキノオー,リーフストーム,31.5
ユキノオー,オーロラベール,26.1
ユキノオー,やどりぎのタネ,22.5
ユキノオー,きあいだま,20.7
ユキノオー,ぜったいれいど,8.1
ユキノオー,じしん,8.1
ユキノオー,ふぶき,90.1
ユキノオー,こおりのつぶて,52.5
ユキノオー,ギガドレイン,46.9
ユキノオー,だいちのちから,43.3
ユキノオー,オーロラベール,32.9
ユキノオー,リーフストーム,31.0
ユキノオー,やどりぎのタネ,21.9
ユキノオー,きあいだま,18.5
ユキノオー,じしん,8.3
ユキノオー,ぜったいれいど,8.1
デンリュウ,りゅうのはどう,91.7
デンリュウ,パラボラチャージ,56.3
デンリュウ,コットンガード,53.1
デンリュウ,１０まんボルト,43.8
デンリュウ,きあいだま,38.5
デンリュウ,じゅうでん,25.0
デンリュウ,パワージェム,25.0
デンリュウ,マジカルシャイン,16.7
デンリュウ,ボルトチェンジ,14.6
デンリュウ,ほうでん,6.3
デンリュウ,りゅうのはどう,82.3
デンリュウ,１０まんボルト,51.9
デンリュウ,パラボラチャージ,51.1
デンリュウ,コットンガード,43.1
デンリュウ,きあいだま,37.1
デンリュウ,パワージェム,26.1
デンリュウ,ボルトチェンジ,24.7
デンリュウ,マジカルシャイン,22.5
デンリュウ,じゅうでん,18.6
デンリュウ,かみなり,6.1
イダイトウ♀,アクアジェット,65.6
イダイトウ♀,おはかまいり,60.2
イダイトウ♀,クイックターン,52.7
イダイトウ♀,ウェーブタックル,44.1
イダイトウ♀,シャドーボール,41.9
イダイトウ♀,れいとうビーム,32.3
イダイトウ♀,なみのり,31.2
イダイトウ♀,ハイドロポンプ,11.8
イダイトウ♀,アクアブレイク,6.5
イダイトウ♀,げきりん,5.4
イダイトウ♀,アクアジェット,65.9
イダイトウ♀,シャドーボール,52.4
イダイトウ♀,クイックターン,49.7
イダイトウ♀,おはかまいり,49.5
イダイトウ♀,ウェーブタックル,39.0
イダイトウ♀,れいとうビーム,39.0
イダイトウ♀,なみのり,37.8
イダイトウ♀,ハイドロポンプ,16.9
イダイトウ♀,がむしゃら,6.3
イダイトウ♀,ふぶき,4.3
ライボルト,ボルトチェンジ,94.1
ライボルト,１０まんボルト,82.4
ライボルト,オーバーヒート,58.8
ライボルト,かえんほうしゃ,42.4
ライボルト,バークアウト,42.4
ライボルト,かみなり,16.5
ライボルト,まもる,10.6
ライボルト,ハイパーボイス,9.4
ライボルト,でんじは,7.1
ライボルト,こおりのキバ,5.9
ライボルト,ボルトチェンジ,93.0
ライボルト,１０まんボルト,87.7
ライボルト,オーバーヒート,62.6
ライボルト,バークアウト,40.2
ライボルト,かえんほうしゃ,35.5
ライボルト,こおりのキバ,14.2
ライボルト,かみなり,8.0
ライボルト,ひかりのかべ,6.8
ライボルト,ハイパーボイス,6.8
ライボルト,まもる,5.4
エンニュート,どくどく,81.6
エンニュート,アンコール,54.1
エンニュート,かえんほうしゃ,49.0
エンニュート,がむしゃら,36.7
エンニュート,まもる,21.4
エンニュート,オーバーヒート,21.4
エンニュート,かなしばり,17.3
エンニュート,みがわり,16.3
エンニュート,ヘドロウェーブ,14.3
エンニュート,ヘドロばくだん,13.3
エンニュート,どくどく,84.3
エンニュート,アンコール,56.0
エンニュート,かえんほうしゃ,47.1
エンニュート,がむしゃら,31.9
エンニュート,オーバーヒート,24.5
エンニュート,ヘドロウェーブ,23.2
エンニュート,まもる,22.2
エンニュート,みがわり,18.5
エンニュート,かなしばり,14.1
エンニュート,ヘドロばくだん,11.2
グライオン,じしん,85.7
グライオン,どくどく,42.9
グライオン,ステルスロック,34.1
グライオン,まもる,26.4
グライオン,とんぼがえり,25.3
グライオン,はたきおとす,22.0
グライオン,ダブルウイング,18.7
グライオン,つるぎのまい,17.6
グライオン,みがわり,17.6
グライオン,アクロバット,9.9
グライオン,じしん,87.7
グライオン,ステルスロック,41.6
グライオン,どくどく,33.2
グライオン,とんぼがえり,25.8
グライオン,はたきおとす,22.4
グライオン,つるぎのまい,20.8
グライオン,ダブルウイング,20.1
グライオン,まもる,15.8
グライオン,こおりのキバ,13.4
グライオン,アクロバット,12.8
サンダース,１０まんボルト,79.6
サンダース,ボルトチェンジ,65.6
サンダース,みわくのボイス,61.3
サンダース,シャドーボール,59.1
サンダース,あくび,23.7
サンダース,でんじは,15.1
サンダース,かみなり,10.8
サンダース,ひかりのかべ,7.5
サンダース,ほうでん,7.5
サンダース,でんこうせっか,7.5
サンダース,１０まんボルト,79.7
サンダース,ボルトチェンジ,64.7
サンダース,みわくのボイス,62.9
サンダース,シャドーボール,51.1
サンダース,あくび,29.5
サンダース,でんじは,10.9
サンダース,かみなり,9.1
サンダース,めいそう,8.8
サンダース,まねっこ,8.0
サンダース,エレキボール,7.1
ルガルガン(たそがれ),アクセルロック,94.1
ルガルガン(たそがれ),インファイト,68.2
ルガルガン(たそがれ),ステルスロック,40.0
ルガルガン(たそがれ),がむしゃら,29.4
ルガルガン(たそがれ),ドリルライナー,25.9
ルガルガン(たそがれ),ストーンエッジ,15.3
ルガルガン(たそがれ),ふいうち,14.1
ルガルガン(たそがれ),カウンター,12.9
ルガルガン(たそがれ),つるぎのまい,11.8
ルガルガン(たそがれ),ちょうはつ,11.8
ルガルガン(たそがれ),アクセルロック,93.7
ルガルガン(たそがれ),インファイト,61.1
ルガルガン(たそがれ),ステルスロック,42.9
ルガルガン(たそがれ),がむしゃら,29.7
ルガルガン(たそがれ),ドリルライナー,21.3
ルガルガン(たそがれ),カウンター,18.5
ルガルガン(たそがれ),じゃれつく,16.1
ルガルガン(たそがれ),ちょうはつ,16.0
ルガルガン(たそがれ),つるぎのまい,14.9
ルガルガン(たそがれ),ふいうち,13.5
バンバドロ,じしん,90.7
バンバドロ,ボディプレス,87.2
バンバドロ,ステルスロック,65.1
バンバドロ,ほえる,43.0
バンバドロ,ねむる,25.6
バンバドロ,ヘビーボンバー,15.1
バンバドロ,じわれ,10.5
バンバドロ,てっぺき,9.3
バンバドロ,がんせきふうじ,7.0
バンバドロ,うちおとす,7.0
バンバドロ,ボディプレス,90.0
バンバドロ,じしん,86.3
バンバドロ,ステルスロック,66.4
バンバドロ,ほえる,50.7
バンバドロ,ねむる,22.7
バンバドロ,てっぺき,15.1
バンバドロ,ヘビーボンバー,14.1
バンバドロ,じわれ,10.8
バンバドロ,がんせきふうじ,7.6
バンバドロ,うちおとす,6.5
キョジオーン,じこさいせい,86.9
キョジオーン,しおづけ,81.0
キョジオーン,まもる,39.3
キョジオーン,てっぺき,36.9
キョジオーン,ボディプレス,33.3
キョジオーン,ステルスロック,28.6
キョジオーン,じわれ,16.7
キョジオーン,じしん,14.3
キョジオーン,みがわり,13.1
キョジオーン,だいばくはつ,9.5
キョジオーン,しおづけ,89.4
キョジオーン,じこさいせい,88.0
キョジオーン,まもる,42.1
キョジオーン,てっぺき,37.6
キョジオーン,ボディプレス,33.6
キョジオーン,ステルスロック,30.6
キョジオーン,じわれ,15.1
キョジオーン,みがわり,13.5
キョジオーン,じしん,12.5
キョジオーン,だいばくはつ,8.5
グレイシア,フリーズドライ,96.3
グレイシア,こおりのつぶて,55.6
グレイシア,れいとうビーム,38.3
グレイシア,ミラーコート,33.3
グレイシア,シャドーボール,33.3
グレイシア,あくび,33.3
グレイシア,ふぶき,23.5
グレイシア,マッドショット,17.3
グレイシア,めいそう,17.3
グレイシア,みわくのボイス,7.4
グレイシア,フリーズドライ,93.5
グレイシア,こおりのつぶて,64.2
グレイシア,れいとうビーム,39.6
グレイシア,ミラーコート,38.4
グレイシア,あくび,30.0
グレイシア,シャドーボール,25.7
グレイシア,マッドショット,24.5
グレイシア,ふぶき,20.0
グレイシア,めいそう,13.2
グレイシア,みわくのボイス,7.5
チャーレム,インファイト,79.8
チャーレム,しねんのずつき,60.6
チャーレム,ねこだまし,58.5
チャーレム,バレットパンチ,47.9
チャーレム,かみなりパンチ,26.6
チャーレム,れいとうパンチ,21.3
チャーレム,どくづき,20.2
チャーレム,サイコカッター,17.0
チャーレム,とびひざげり,10.6
チャーレム,ドレインパンチ,8.5
チャーレム,インファイト,69.3
チャーレム,ねこだまし,58.2
チャーレム,しねんのずつき,57.2
チャーレム,バレットパンチ,48.8
チャーレム,れいとうパンチ,31.2
チャーレム,かみなりパンチ,30.4
チャーレム,とびひざげり,18.9
チャーレム,サイコカッター,17.9
チャーレム,どくづき,10.6
チャーレム,ブレイズキック,8.6
デスバーン,ステルスロック,77.5
デスバーン,じしん,45.0
デスバーン,おにび,42.5
デスバーン,トリックルーム,38.8
デスバーン,のろい,35.0
デスバーン,ポルターガイスト,27.5
デスバーン,おきみやげ,26.3
デスバーン,ボディプレス,25.0
デスバーン,みちづれ,20.0
デスバーン,てっぺき,8.8
デスバーン,ステルスロック,73.1
デスバーン,じしん,52.1
デスバーン,おにび,42.3
デスバーン,トリックルーム,36.7
デスバーン,ポルターガイスト,33.8
デスバーン,のろい,30.3
デスバーン,ボディプレス,25.4
デスバーン,おきみやげ,23.5
デスバーン,みちづれ,16.5
デスバーン,てっぺき,12.0
ケンタロス(パルデア炎),インファイト,87.8
ケンタロス(パルデア炎),レイジングブル,63.4
ケンタロス(パルデア炎),じしん,50.0
ケンタロス(パルデア炎),フレアドライブ,41.5
ケンタロス(パルデア炎),ストーンエッジ,32.9
ケンタロス(パルデア炎),ワイルドボルト,30.5
ケンタロス(パルデア炎),おにび,22.0
ケンタロス(パルデア炎),いわなだれ,13.4
ケンタロス(パルデア炎),がんせきふうじ,12.2
ケンタロス(パルデア炎),ビルドアップ,8.5
ケンタロス(パルデア炎),インファイト,89.1
ケンタロス(パルデア炎),レイジングブル,63.3
ケンタロス(パルデア炎),じしん,45.9
ケンタロス(パルデア炎),フレアドライブ,39.1
ケンタロス(パルデア炎),ワイルドボルト,33.5
ケンタロス(パルデア炎),おにび,27.2
ケンタロス(パルデア炎),ストーンエッジ,26.1
ケンタロス(パルデア炎),がんせきふうじ,17.2
ケンタロス(パルデア炎),ビルドアップ,9.8
ケンタロス(パルデア炎),ニトロチャージ,9.6
エンブオー,フレアドライブ,88.0
エンブオー,ふいうち,60.0
エンブオー,ワイルドボルト,44.0
エンブオー,インファイト,42.7
エンブオー,ドレインパンチ,41.3
エンブオー,もろはのずつき,28.0
エンブオー,じしん,26.7
エンブオー,ビルドアップ,13.3
エンブオー,ニトロチャージ,8.0
エンブオー,やまあらし,6.7
エンブオー,フレアドライブ,84.2
エンブオー,ふいうち,66.1
エンブオー,インファイト,50.4
エンブオー,ドレインパンチ,36.1
エンブオー,ワイルドボルト,29.4
エンブオー,じしん,28.6
エンブオー,もろはのずつき,20.1
エンブオー,ビルドアップ,18.3
エンブオー,ニトロチャージ,9.5
エンブオー,やまあらし,6.7
ピジョット,ぼうふう,95.3
ピジョット,ねっぷう,93.0
ピジョット,はかいこうせん,70.9
ピジョット,みがわり,36.0
ピジョット,とんぼがえり,34.9
ピジョット,でんこうせっか,17.4
ピジョット,はねやすめ,12.8
ピジョット,こうそくいどう,7.0
ピジョット,フェザーダンス,5.8
ピジョット,おいかぜ,5.8
ピジョット,ぼうふう,97.8
ピジョット,ねっぷう,96.8
ピジョット,はかいこうせん,74.9
ピジョット,みがわり,48.4
ピジョット,とんぼがえり,21.7
ピジョット,はねやすめ,16.1
ピジョット,でんこうせっか,12.2
ピジョット,おいかぜ,7.8
ピジョット,フェザーダンス,5.4
ピジョット,ふきとばし,2.7
フォレトス,ステルスロック,68.0
フォレトス,こうそくスピン,44.0
フォレトス,だいばくはつ,41.3
フォレトス,ボディプレス,36.0
フォレトス,ボルトチェンジ,33.3
フォレトス,アイススピナー,25.3
フォレトス,どくびし,20.0
フォレトス,ジャイロボール,16.0
フォレトス,てっぺき,13.3
フォレトス,じゅうりょく,13.3
フォレトス,ステルスロック,69.0
フォレトス,ボディプレス,52.6
フォレトス,こうそくスピン,44.9
フォレトス,ボルトチェンジ,41.2
フォレトス,だいばくはつ,25.7
フォレトス,アイススピナー,23.8
フォレトス,てっぺき,21.9
フォレトス,ジャイロボール,17.9
フォレトス,どくびし,16.0
フォレトス,まきびし,10.0
アマージョ,トリプルアクセル,81.5
アマージョ,トロピカルキック,79.0
アマージョ,とびひざげり,48.1
アマージョ,こうそくスピン,39.5
アマージョ,とんぼがえり,27.2
アマージョ,はたきおとす,23.5
アマージョ,パワーウィップ,19.8
アマージョ,ローキック,13.6
アマージョ,ちょうはつ,11.1
アマージョ,けたぐり,9.9
アマージョ,トリプルアクセル,82.9
アマージョ,トロピカルキック,74.5
アマージョ,とびひざげり,64.5
アマージョ,こうそくスピン,35.1
アマージョ,とんぼがえり,28.5
アマージョ,はたきおとす,21.7
アマージョ,パワーウィップ,20.8
アマージョ,ちょうはつ,11.3
アマージョ,こうごうせい,9.9
アマージョ,じゃれつく,8.7
アリアドス,ねばねばネット,82.2
アリアドス,どくのいと,80.8
アリアドス,であいがしら,47.9
アリアドス,ふいうち,38.4
アリアドス,はたきおとす,26.0
アリアドス,どくびし,20.5
アリアドス,クロスポイズン,13.7
アリアドス,とびかかる,12.3
アリアドス,まもる,9.6
アリアドス,メガホーン,9.6
アリアドス,ねばねばネット,87.4
アリアドス,どくのいと,82.7
アリアドス,であいがしら,51.2
アリアドス,ふいうち,37.7
アリアドス,どくびし,28.3
アリアドス,はたきおとす,19.0
アリアドス,どくづき,13.3
アリアドス,とびかかる,10.2
アリアドス,イカサマ,8.3
アリアドス,かげうち,8.2
ワルビアル,じしん,89.7
ワルビアル,はたきおとす,60.3
ワルビアル,ステルスロック,35.9
ワルビアル,ちょうはつ,25.6
ワルビアル,ダストシュート,24.4
ワルビアル,かみくだく,21.8
ワルビアル,インファイト,19.2
ワルビアル,いわなだれ,17.9
ワルビアル,ストーンエッジ,15.4
ワルビアル,スケイルショット,10.3
ワルビアル,じしん,89.0
ワルビアル,はたきおとす,57.3
ワルビアル,ステルスロック,39.8
ワルビアル,ちょうはつ,31.3
ワルビアル,インファイト,29.0
ワルビアル,ダストシュート,21.8
ワルビアル,かみくだく,18.7
ワルビアル,がんせきふうじ,14.6
ワルビアル,いわなだれ,13.8
ワルビアル,ストーンエッジ,12.3
ゾロアーク,ナイトバースト,80.3
ゾロアーク,ヘドロばくだん,50.0
ゾロアーク,かえんほうしゃ,50.0
ゾロアーク,アンコール,33.3
ゾロアーク,わるだくみ,24.2
ゾロアーク,カウンター,21.2
ゾロアーク,ちょうはつ,19.7
ゾロアーク,ふいうち,16.7
ゾロアーク,サイコキネシス,15.2
ゾロアーク,きあいだま,13.6
ゾロアーク,ナイトバースト,78.9
ゾロアーク,かえんほうしゃ,49.2
ゾロアーク,ヘドロばくだん,37.9
ゾロアーク,カウンター,22.6
ゾロアーク,ふいうち,20.7
ゾロアーク,きあいだま,17.8
ゾロアーク,わるだくみ,17.8
ゾロアーク,アンコール,17.5
ゾロアーク,トリック,17.4
ゾロアーク,おきみやげ,16.4
チルタリス,はねやすめ,84.9
チルタリス,コットンガード,64.4
チルタリス,ハイパーボイス,49.3
チルタリス,りゅうのまい,35.6
チルタリス,かえんほうしゃ,26.0
チルタリス,のしかかり,19.2
チルタリス,じしん,17.8
チルタリス,すてみタックル,15.1
チルタリス,だいもんじ,13.7
チルタリス,ほのおのうず,12.3
チルタリス,はねやすめ,81.4
チルタリス,ハイパーボイス,59.8
チルタリス,コットンガード,58.2
チルタリス,かえんほうしゃ,31.0
チルタリス,りゅうのまい,24.2
チルタリス,だいもんじ,20.6
チルタリス,のしかかり,14.7
チルタリス,じしん,14.6
チルタリス,りゅうせいぐん,11.4
チルタリス,すてみタックル,10.2
アブソル,ふいうち,80.0
アブソル,インファイト,61.5
アブソル,つるぎのまい,52.3
アブソル,はたきおとす,40.0
アブソル,つじぎり,26.2
アブソル,れいとうビーム,26.2
アブソル,サイコカッター,18.5
アブソル,じゃれつく,15.4
アブソル,ストーンエッジ,10.8
アブソル,シャドークロー,9.2
アブソル,ふいうち,79.3
アブソル,インファイト,60.8
アブソル,はたきおとす,46.9
アブソル,つるぎのまい,42.2
アブソル,れいとうビーム,29.4
アブソル,つじぎり,19.7
アブソル,じゃれつく,19.1
アブソル,サイコカッター,13.3
アブソル,ストーンエッジ,10.9
アブソル,おにび,10.7
ジャラランガ,スケイルノイズ,56.2
ジャラランガ,ソウルビート,54.8
ジャラランガ,はどうだん,31.5
ジャラランガ,ドレインパンチ,31.5
ジャラランガ,かえんほうしゃ,28.8
ジャラランガ,しんくうは,20.5
ジャラランガ,ラスターカノン,20.5
ジャラランガ,アイアンヘッド,11.0
ジャラランガ,じしん,11.0
ジャラランガ,どくづき,9.6
ジャラランガ,スケイルノイズ,55.6
ジャラランガ,ソウルビート,51.3
ジャラランガ,かえんほうしゃ,31.0
ジャラランガ,ドレインパンチ,30.8
ジャラランガ,はどうだん,27.5
ジャラランガ,しんくうは,22.9
ジャラランガ,ラスターカノン,17.5
ジャラランガ,ちょうはつ,10.4
ジャラランガ,ステルスロック,9.8
ジャラランガ,どくづき,9.0
ドダイトス,からをやぶる,92.1
ドダイトス,ぶちかまし,54.0
ドダイトス,タネマシンガン,41.3
ドダイトス,じしん,41.3
ドダイトス,ロックブラスト,33.3
ドダイトス,ウッドハンマー,28.6
ドダイトス,いわなだれ,22.2
ドダイトス,タネばくだん,22.2
ドダイトス,ストーンエッジ,20.6
ドダイトス,ばかぢから,4.8
ドダイトス,からをやぶる,85.6
ドダイトス,じしん,48.3
ドダイトス,ぶちかまし,45.8
ドダイトス,ウッドハンマー,36.1
ドダイトス,タネマシンガン,34.6
ドダイトス,ロックブラスト,29.3
ドダイトス,いわなだれ,18.0
ドダイトス,ストーンエッジ,17.8
ドダイトス,タネばくだん,16.5
ドダイトス,やどりぎのタネ,7.6
ヌメルゴン,かえんほうしゃ,50.9
ヌメルゴン,りゅうせいぐん,45.6
ヌメルゴン,１０まんボルト,38.6
ヌメルゴン,アシッドボム,31.6
ヌメルゴン,りゅうのはどう,29.8
ヌメルゴン,ヘドロばくだん,26.3
ヌメルゴン,れいとうビーム,22.8
ヌメルゴン,ギガドレイン,14.0
ヌメルゴン,ヘドロウェーブ,14.0
ヌメルゴン,ねむる,12.3
ヌメルゴン,りゅうせいぐん,48.0
ヌメルゴン,かえんほうしゃ,46.3
ヌメルゴン,１０まんボルト,45.2
ヌメルゴン,アシッドボム,34.8
ヌメルゴン,れいとうビーム,25.9
ヌメルゴン,りゅうのはどう,22.6
ヌメルゴン,ヘドロウェーブ,17.0
ヌメルゴン,どくどく,15.2
ヌメルゴン,ねっとう,14.9
ヌメルゴン,だいもんじ,14.4
カットロトム,リーフストーム,100.0
カットロトム,ボルトチェンジ,85.3
カットロトム,１０まんボルト,60.3
カットロトム,おにび,39.7
カットロトム,トリック,36.8
カットロトム,シャドーボール,11.8
カットロトム,あくのはどう,10.3
カットロトム,かみなり,10.3
カットロトム,イカサマ,8.8
カットロトム,たたりめ,7.4
カットロトム,リーフストーム,97.7
カットロトム,ボルトチェンジ,89.6
カットロトム,１０まんボルト,58.4
カットロトム,おにび,42.3
カットロトム,トリック,37.2
カットロトム,シャドーボール,12.7
カットロトム,ほうでん,10.6
カットロトム,かみなり,9.6
カットロトム,あくのはどう,8.5
カットロトム,イカサマ,6.8
ペロリーム,ねばねばネット,88.4
ペロリーム,あくび,69.6
ペロリーム,がむしゃら,62.3
ペロリーム,ミストバースト,34.8
ペロリーム,マジカルシャイン,26.1
ペロリーム,めいそう,20.3
ペロリーム,かえんほうしゃ,18.8
ペロリーム,ドレインキッス,18.8
ペロリーム,コットンガード,11.6
ペロリーム,みがわり,8.7
ペロリーム,ねばねばネット,88.5
ペロリーム,あくび,75.7
ペロリーム,がむしゃら,59.2
ペロリーム,ミストバースト,40.3
ペロリーム,マジカルシャイン,30.2
ペロリーム,かえんほうしゃ,21.1
ペロリーム,ドレインキッス,12.3
ペロリーム,めいそう,9.2
ペロリーム,コットンガード,6.6
ペロリーム,１０まんボルト,5.9
デスカーン,おにび,79.3
デスカーン,ボディプレス,65.5
デスカーン,たたりめ,46.6
デスカーン,シャドーボール,31.0
デスカーン,トリックルーム,29.3
デスカーン,てっぺき,24.1
デスカーン,のろい,20.7
デスカーン,どくびし,20.7
デスカーン,みちづれ,13.8
デスカーン,おきみやげ,13.8
デスカーン,おにび,73.0
デスカーン,ボディプレス,62.6
デスカーン,たたりめ,45.6
デスカーン,トリックルーム,34.5
デスカーン,シャドーボール,27.9
デスカーン,てっぺき,26.7
デスカーン,のろい,21.0
デスカーン,どくびし,18.5
デスカーン,みちづれ,15.3
デスカーン,おきみやげ,13.0
カミツオロチ,きまぐレーザー,77.8
カミツオロチ,だいちのちから,60.3
カミツオロチ,ギガドレイン,47.6
カミツオロチ,あくび,38.1
カミツオロチ,じこさいせい,27.0
カミツオロチ,リーフストーム,22.2
カミツオロチ,ふいうち,20.6
カミツオロチ,りゅうせいぐん,20.6
カミツオロチ,わるだくみ,17.5
カミツオロチ,みずあめボム,14.3
カミツオロチ,きまぐレーザー,83.1
カミツオロチ,だいちのちから,61.4
カミツオロチ,ギガドレイン,42.1
カミツオロチ,あくび,38.2
カミツオロチ,リーフストーム,28.8
カミツオロチ,じこさいせい,26.1
カミツオロチ,ふいうち,23.5
カミツオロチ,みずあめボム,16.3
カミツオロチ,りゅうせいぐん,15.6
カミツオロチ,わるだくみ,13.6
ピカチュウ,ボルテッカー,47.3
ピカチュウ,ねこだまし,36.4
ピカチュウ,１０まんボルト,36.4
ピカチュウ,アンコール,30.9
ピカチュウ,なみのり,27.3
ピカチュウ,じゃれつく,21.8
ピカチュウ,ほっぺすりすり,18.2
ピカチュウ,でんこうせっか,18.2
ピカチュウ,がむしゃら,16.4
ピカチュウ,アイアンテール,14.5
ピカチュウ,ボルテッカー,42.6
ピカチュウ,ねこだまし,39.7
ピカチュウ,１０まんボルト,39.5
ピカチュウ,なみのり,36.0
ピカチュウ,くさむすび,25.1
ピカチュウ,でんこうせっか,24.8
ピカチュウ,アンコール,21.7
ピカチュウ,じゃれつく,16.5
ピカチュウ,ボルトチェンジ,16.3
ピカチュウ,かみなり,15.0
ハガネール,ボディプレス,84.2
ハガネール,じしん,82.5
ハガネール,ヘビーボンバー,70.2
ハガネール,ステルスロック,56.1
ハガネール,てっぺき,15.8
ハガネール,ドラゴンテール,12.3
ハガネール,ジャイロボール,7.0
ハガネール,もろはのずつき,7.0
ハガネール,こおりのキバ,5.3
ハガネール,アイアンヘッド,5.3
ハガネール,ボディプレス,77.1
ハガネール,じしん,76.7
ハガネール,ヘビーボンバー,54.2
ハガネール,ステルスロック,53.2
ハガネール,てっぺき,24.3
ハガネール,ドラゴンテール,15.4
ハガネール,ジャイロボール,14.1
ハガネール,じわれ,8.3
ハガネール,のろい,8.1
ハガネール,アイアンヘッド,7.2
コータス,ふんか,50.0
コータス,ソーラービーム,48.3
コータス,あくび,37.9
コータス,ステルスロック,36.2
コータス,かえんほうしゃ,22.4
コータス,オーバーヒート,19.0
コータス,まもる,17.2
コータス,だいちのちから,17.2
コータス,こうそくスピン,15.5
コータス,ふんえん,13.8
コータス,ステルスロック,55.4
コータス,あくび,52.4
コータス,ソーラービーム,39.2
コータス,ふんか,30.2
コータス,オーバーヒート,24.5
コータス,かえんほうしゃ,19.1
コータス,ボディプレス,18.5
コータス,ふんえん,17.1
コータス,だいちのちから,16.9
コータス,こうそくスピン,15.2
リキキリン,トリックルーム,59.3
リキキリン,マジカルシャイン,44.4
リキキリン,サイコキネシス,44.4
リキキリン,１０まんボルト,29.6
リキキリン,ハイパーボイス,27.8
リキキリン,ツインビーム,25.9
リキキリン,まもる,16.7
リキキリン,てだすけ,14.8
リキキリン,ミラーコート,13.0
リキキリン,イカサマ,13.0
リキキリン,ツインビーム,46.5
リキキリン,トリックルーム,41.4
リキキリン,マジカルシャイン,37.5
リキキリン,１０まんボルト,32.6
リキキリン,サイコキネシス,30.6
リキキリン,ハイパーボイス,24.6
リキキリン,シャドーボール,16.6
リキキリン,イカサマ,14.4
リキキリン,ミラーコート,13.4
リキキリン,めいそう,13.1
ニョロトノ,ウェザーボール,59.3
ニョロトノ,れいとうビーム,48.1
ニョロトノ,アンコール,42.6
ニョロトノ,ほろびのうた,29.6
ニョロトノ,だいちのちから,29.6
ニョロトノ,まもる,25.9
ニョロトノ,こごえるかぜ,25.9
ニョロトノ,きあいだま,18.5
ニョロトノ,ハイドロポンプ,16.7
ニョロトノ,なみのり,16.7
ニョロトノ,れいとうビーム,61.3
ニョロトノ,ウェザーボール,56.5
ニョロトノ,アンコール,47.6
ニョロトノ,ほろびのうた,35.1
ニョロトノ,だいちのちから,31.0
ニョロトノ,なみのり,25.6
ニョロトノ,まもる,18.7
ニョロトノ,こごえるかぜ,12.7
ニョロトノ,ハイドロポンプ,12.1
ニョロトノ,うずしお,11.5
ヤドキング,さむいギャグ,79.6
ヤドキング,ねっとう,55.6
ヤドキング,トリックルーム,38.9
ヤドキング,あくび,33.3
ヤドキング,サイコキネシス,33.3
ヤドキング,なみのり,25.9
ヤドキング,なまける,18.5
ヤドキング,れいとうビーム,18.5
ヤドキング,かえんほうしゃ,14.8
ヤドキング,サイコノイズ,9.3
ヤドキング,さむいギャグ,73.5
ヤドキング,ねっとう,61.5
ヤドキング,あくび,43.1
ヤドキング,トリックルーム,33.0
ヤドキング,サイコキネシス,28.9
ヤドキング,なまける,25.9
ヤドキング,なみのり,19.3
ヤドキング,れいとうビーム,19.1
ヤドキング,かえんほうしゃ,15.3
ヤドキング,サイコノイズ,9.3
ゴルーグ,ぶちかまし,64.2
ゴルーグ,ポルターガイスト,58.5
ゴルーグ,れいとうパンチ,54.7
ゴルーグ,ドレインパンチ,35.8
ゴルーグ,じしん,34.0
ゴルーグ,シャドーパンチ,17.0
ゴルーグ,ばくれつパンチ,15.1
ゴルーグ,インファイト,13.2
ゴルーグ,アームハンマー,11.3
ゴルーグ,ステルスロック,11.3
ゴルーグ,ポルターガイスト,72.1
ゴルーグ,ぶちかまし,55.4
ゴルーグ,れいとうパンチ,54.8
ゴルーグ,じしん,37.3
ゴルーグ,ドレインパンチ,32.6
ゴルーグ,ばくれつパンチ,16.1
ゴルーグ,インファイト,15.0
ゴルーグ,ストーンエッジ,14.7
ゴルーグ,かみなりパンチ,14.0
ゴルーグ,シャドーパンチ,9.3
オンバーン,りゅうせいぐん,82.4
オンバーン,エアスラッシュ,58.8
オンバーン,かえんほうしゃ,41.2
オンバーン,とんぼがえり,35.3
オンバーン,ちょうはつ,27.5
オンバーン,ばくおんぱ,27.5
オンバーン,すりかえ,23.5
オンバーン,ぼうふう,23.5
オンバーン,いかりのまえば,11.8
オンバーン,おいかぜ,9.8
オンバーン,りゅうせいぐん,84.3
オンバーン,エアスラッシュ,52.9
オンバーン,かえんほうしゃ,50.6
オンバーン,とんぼがえり,45.8
オンバーン,ちょうはつ,27.7
オンバーン,すりかえ,27.7
オンバーン,ばくおんぱ,20.2
オンバーン,いかりのまえば,15.6
オンバーン,ぼうふう,14.3
オンバーン,おいかぜ,8.3
クレッフィ,ひかりのかべ,54.2
クレッフィ,でんじは,52.1
クレッフィ,リフレクター,47.9
クレッフィ,てっていこうせん,39.6
クレッフィ,ドレインキッス,31.3
クレッフィ,まきびし,27.1
クレッフィ,イカサマ,25.0
クレッフィ,ラスターカノン,22.9
クレッフィ,でんじふゆう,20.8
クレッフィ,マジカルシャイン,18.8
クレッフィ,リフレクター,56.9
クレッフィ,ひかりのかべ,53.1
クレッフィ,でんじは,44.1
クレッフィ,てっていこうせん,39.8
クレッフィ,ドレインキッス,28.6
クレッフィ,イカサマ,26.4
クレッフィ,めいそう,24.9
クレッフィ,まきびし,21.3
クレッフィ,てっぺき,16.8
クレッフィ,でんじふゆう,15.4
モルペコ,オーラぐるま,100.0
モルペコ,がむしゃら,37.7
モルペコ,まもる,35.8
モルペコ,すてゼリフ,28.3
モルペコ,きしかいせい,20.8
モルペコ,ねこだまし,20.8
モルペコ,でんこうせっか,18.9
モルペコ,ちょうはつ,17.0
モルペコ,はたきおとす,13.2
モルペコ,こおりのキバ,13.2
モルペコ,オーラぐるま,99.0
モルペコ,まもる,43.9
モルペコ,すてゼリフ,42.5
モルペコ,がむしゃら,39.1
モルペコ,ねこだまし,31.5
モルペコ,でんこうせっか,18.7
モルペコ,はたきおとす,18.1
モルペコ,ちょうはつ,16.2
モルペコ,きしかいせい,14.1
モルペコ,こおりのキバ,11.1
オニゴーリ,まもる,80.0
オニゴーリ,みがわり,58.0
オニゴーリ,フリーズドライ,54.0
オニゴーリ,ぜったいれいど,50.0
オニゴーリ,だいばくはつ,40.0
オニゴーリ,こおりのつぶて,22.0
オニゴーリ,じしん,22.0
オニゴーリ,のしかかり,18.0
オニゴーリ,かげぶんしん,16.0
オニゴーリ,こおりのいぶき,6.0
オニゴーリ,まもる,80.2
オニゴーリ,みがわり,58.5
オニゴーリ,フリーズドライ,57.0
オニゴーリ,ぜったいれいど,50.2
オニゴーリ,だいばくはつ,33.1
オニゴーリ,じしん,26.0
オニゴーリ,こおりのつぶて,18.5
オニゴーリ,のしかかり,13.1
オニゴーリ,かげぶんしん,10.3
オニゴーリ,こおりのいぶき,4.9
ミカルゲ,イカサマ,58.8
ミカルゲ,おにび,56.9
ミカルゲ,トリックルーム,41.2
ミカルゲ,のろい,33.3
ミカルゲ,いたみわけ,31.4
ミカルゲ,みちづれ,29.4
ミカルゲ,ふいうち,21.6
ミカルゲ,おきみやげ,17.6
ミカルゲ,シャドーボール,11.8
ミカルゲ,かげうち,11.8
ミカルゲ,おにび,54.1
ミカルゲ,イカサマ,48.2
ミカルゲ,トリックルーム,42.3
ミカルゲ,のろい,32.6
ミカルゲ,いたみわけ,29.7
ミカルゲ,みちづれ,28.5
ミカルゲ,おきみやげ,24.2
ミカルゲ,ふいうち,23.3
ミカルゲ,ポルターガイスト,15.3
ミカルゲ,かげうち,12.7
ガチゴラス,もろはのずつき,85.7
ガチゴラス,じしん,51.0
ガチゴラス,インファイト,44.9
ガチゴラス,りゅうのまい,34.7
ガチゴラス,げきりん,32.7
ガチゴラス,こおりのキバ,18.4
ガチゴラス,ほのおのキバ,16.3
ガチゴラス,ドラゴンクロー,12.2
ガチゴラス,アイアンヘッド,12.2
ガチゴラス,かみなりのキバ,10.2
ガチゴラス,もろはのずつき,88.2
ガチゴラス,じしん,54.7
ガチゴラス,げきりん,46.5
ガチゴラス,インファイト,39.3
ガチゴラス,りゅうのまい,30.2
ガチゴラス,こおりのキバ,17.0
ガチゴラス,スケイルショット,12.4
ガチゴラス,ほのおのキバ,12.4
ガチゴラス,かみくだく,11.5
ガチゴラス,つのドリル,10.5
クレベース,ボディプレス,82.5
クレベース,じこさいせい,75.0
クレベース,てっぺき,65.0
クレベース,ミラーコート,40.0
クレベース,ゆきなだれ,22.5
クレベース,つららばり,17.5
クレベース,じしん,15.0
クレベース,アイススピナー,12.5
クレベース,つららおとし,10.0
クレベース,かみくだく,7.5
クレベース,ボディプレス,85.6
クレベース,じこさいせい,72.2
クレベース,てっぺき,59.4
クレベース,ミラーコート,45.2
クレベース,つららばり,29.5
クレベース,ゆきなだれ,24.8
クレベース,じしん,16.0
クレベース,つららおとし,11.2
クレベース,アイススピナー,7.5
クレベース,こうそくスピン,7.1
ドクロッグ,ふいうち,73.8
ドクロッグ,インファイト,71.4
ドクロッグ,どくづき,47.6
ドクロッグ,ダストシュート,45.2
ドクロッグ,ねこだまし,21.4
ドクロッグ,ドレインパンチ,19.0
ドクロッグ,つるぎのまい,14.3
ドクロッグ,れいとうパンチ,14.3
ドクロッグ,カウンター,11.9
ドクロッグ,じしん,11.9
ドクロッグ,ふいうち,70.5
ドクロッグ,インファイト,64.0
ドクロッグ,ダストシュート,43.2
ドクロッグ,どくづき,37.1
ドクロッグ,ドレインパンチ,27.0
ドクロッグ,つるぎのまい,15.7
ドクロッグ,れいとうパンチ,14.2
ドクロッグ,ねこだまし,14.2
ドクロッグ,カウンター,13.0
ドクロッグ,じしん,12.3
ジジーロン,１０まんボルト,75.6
ジジーロン,りゅうせいぐん,71.1
ジジーロン,かえんほうしゃ,64.4
ジジーロン,ハイパーボイス,55.6
ジジーロン,りゅうのはどう,24.4
ジジーロン,はねやすめ,22.2
ジジーロン,れいとうビーム,22.2
ジジーロン,だいちのちから,17.8
ジジーロン,めいそう,11.1
ジジーロン,だいもんじ,4.4
ジジーロン,りゅうせいぐん,64.0
ジジーロン,１０まんボルト,58.7
ジジーロン,かえんほうしゃ,57.6
ジジーロン,ハイパーボイス,56.5
ジジーロン,はねやすめ,25.9
ジジーロン,だいちのちから,21.4
ジジーロン,りゅうのはどう,20.0
ジジーロン,れいとうビーム,19.9
ジジーロン,だいもんじ,11.8
ジジーロン,めいそう,10.0
ヘルガー,あくのはどう,66.0
ヘルガー,かえんほうしゃ,63.8
ヘルガー,みちづれ,51.1
ヘルガー,ヘドロばくだん,46.8
ヘルガー,ふいうち,25.5
ヘルガー,オーバーヒート,19.1
ヘルガー,わるだくみ,17.0
ヘルガー,カウンター,12.8
ヘルガー,ほうふく,12.8
ヘルガー,だいもんじ,10.6
ヘルガー,あくのはどう,79.1
ヘルガー,かえんほうしゃ,61.3
ヘルガー,みちづれ,50.7
ヘルガー,ヘドロばくだん,35.0
ヘルガー,ふいうち,29.1
ヘルガー,オーバーヒート,21.0
ヘルガー,わるだくみ,19.7
ヘルガー,カウンター,15.3
ヘルガー,だいもんじ,11.8
ヘルガー,ねっさのだいち,10.3
ブロスター,みずのはどう,95.9
ブロスター,はどうだん,87.8
ブロスター,あくのはどう,67.3
ブロスター,りゅうのはどう,65.3
ブロスター,アクアジェット,42.9
ブロスター,れいとうビーム,22.4
ブロスター,ヘドロばくだん,6.1
ブロスター,シャドーボール,2.0
ブロスター,とんぼがえり,2.0
ブロスター,きあいだま,2.0
ブロスター,はどうだん,93.6
ブロスター,みずのはどう,90.8
ブロスター,あくのはどう,66.5
ブロスター,りゅうのはどう,48.8
ブロスター,アクアジェット,43.4
ブロスター,れいとうビーム,28.5
ブロスター,ヘドロウェーブ,9.3
ブロスター,ヘドロばくだん,4.4
ブロスター,ハイドロポンプ,3.7
ブロスター,クイックターン,3.0
サダイジャ,じしん,79.1
サダイジャ,へびにらみ,62.8
サダイジャ,ステルスロック,62.8
サダイジャ,がむしゃら,41.9
サダイジャ,ちいさくなる,27.9
サダイジャ,ボディプレス,18.6
サダイジャ,がんせきふうじ,16.3
サダイジャ,アイアンヘッド,11.6
サダイジャ,ねむる,9.3
サダイジャ,ロックブラスト,9.3
サダイジャ,じしん,78.2
サダイジャ,へびにらみ,75.8
サダイジャ,ステルスロック,72.0
サダイジャ,がむしゃら,54.5
サダイジャ,ちいさくなる,20.6
サダイジャ,がんせきふうじ,15.5
サダイジャ,ボディプレス,11.3
サダイジャ,とぐろをまく,8.5
サダイジャ,すなじごく,5.9
サダイジャ,ねむる,5.7
ロズレイド,ヘドロばくだん,93.3
ロズレイド,リーフストーム,51.1
ロズレイド,マジカルシャイン,46.7
ロズレイド,シャドーボール,33.3
ロズレイド,じんつうりき,24.4
ロズレイド,やどりぎのタネ,24.4
ロズレイド,ねむりごな,24.4
ロズレイド,ギガドレイン,20.0
ロズレイド,エナジーボール,15.6
ロズレイド,どくどく,15.6
ロズレイド,ヘドロばくだん,86.3
ロズレイド,マジカルシャイン,45.9
ロズレイド,リーフストーム,44.8
ロズレイド,シャドーボール,37.7
ロズレイド,ギガドレイン,30.8
ロズレイド,やどりぎのタネ,27.1
ロズレイド,じんつうりき,19.3
ロズレイド,ねむりごな,14.9
ロズレイド,どくびし,14.2
ロズレイド,どくどく,14.0
マホイップ,めいそう,93.3
マホイップ,とける,82.2
マホイップ,じこさいせい,77.8
マホイップ,みわくのボイス,53.3
マホイップ,ドレインキッス,28.9
マホイップ,アシストパワー,17.8
マホイップ,マジカルフレイム,13.3
マホイップ,マジカルシャイン,8.9
マホイップ,サイコショック,4.4
マホイップ,アンコール,4.4
マホイップ,めいそう,86.9
マホイップ,とける,72.0
マホイップ,じこさいせい,70.3
マホイップ,みわくのボイス,45.4
マホイップ,ドレインキッス,37.5
マホイップ,マジカルフレイム,25.0
マホイップ,アシストパワー,20.6
マホイップ,マジカルシャイン,9.1
マホイップ,ギガドレイン,6.2
マホイップ,アンコール,5.3
ドサイドン,じしん,89.2
ドサイドン,ストーンエッジ,37.8
ドサイドン,れいとうパンチ,32.4
ドサイドン,ステルスロック,24.3
ドサイドン,つのドリル,18.9
ドサイドン,ロックブラスト,18.9
ドサイドン,メタルバースト,18.9
ドサイドン,サンダーダイブ,18.9
ドサイドン,アームハンマー,13.5
ドサイドン,つるぎのまい,10.8
ドサイドン,じしん,93.9
ドサイドン,れいとうパンチ,37.3
ドサイドン,ロックブラスト,31.4
ドサイドン,ストーンエッジ,26.8
ドサイドン,ステルスロック,22.8
ドサイドン,サンダーダイブ,20.9
ドサイドン,つのドリル,20.0
ドサイドン,メタルバースト,17.9
ドサイドン,がんせきほう,11.4
ドサイドン,ゆきなだれ,11.1
ランクルス,じこさいせい,59.0
ランクルス,めいそう,51.3
ランクルス,トリックルーム,43.6
ランクルス,サイコキネシス,33.3
ランクルス,きあいだま,30.8
ランクルス,とける,23.1
ランクルス,アシストパワー,23.1
ランクルス,サイコノイズ,23.1
ランクルス,シャドーボール,15.4
ランクルス,サイコショック,12.8
ランクルス,じこさいせい,65.4
ランクルス,めいそう,52.9
ランクルス,サイコキネシス,49.2
ランクルス,きあいだま,46.7
ランクルス,トリックルーム,30.4
ランクルス,アシストパワー,19.5
ランクルス,シャドーボール,19.4
ランクルス,サイコノイズ,17.0
ランクルス,とける,14.6
ランクルス,エナジーボール,11.0
ニャオニクス♂,サイコキネシス,53.5
ニャオニクス♂,みわくのボイス,37.2
ニャオニクス♂,じゅうりょく,27.9
ニャオニクス♂,１０まんボルト,27.9
ニャオニクス♂,リフレクター,23.3
ニャオニクス♂,わるだくみ,23.3
ニャオニクス♂,バトンタッチ,20.9
ニャオニクス♂,ねこだまし,20.9
ニャオニクス♂,あくび,20.9
ニャオニクス♂,めいそう,16.3
ニャオニクス♂,サイコキネシス,50.4
ニャオニクス♂,みわくのボイス,45.0
ニャオニクス♂,リフレクター,34.4
ニャオニクス♂,ひかりのかべ,27.5
ニャオニクス♂,あくび,26.5
ニャオニクス♂,１０まんボルト,24.1
ニャオニクス♂,めいそう,24.1
ニャオニクス♂,バトンタッチ,16.5
ニャオニクス♂,わるだくみ,14.8
ニャオニクス♂,サイコフィールド,14.2
フラージェス,ムーンフォース,94.1
フラージェス,めいそう,70.6
フラージェス,こうごうせい,61.8
フラージェス,サイコノイズ,35.3
フラージェス,サイコキネシス,23.5
フラージェス,みがわり,20.6
フラージェス,ねがいごと,14.7
フラージェス,ギガドレイン,11.8
フラージェス,かふんだんご,8.8
フラージェス,ひかりのかべ,5.9
フラージェス,ムーンフォース,84.6
フラージェス,めいそう,74.8
フラージェス,こうごうせい,61.5
フラージェス,ギガドレイン,27.1
フラージェス,ドレインキッス,21.3
フラージェス,サイコノイズ,20.4
フラージェス,みがわり,17.0
フラージェス,サイコキネシス,14.1
フラージェス,アシストパワー,10.4
フラージェス,ねがいごと,9.1
アローラライチュウ,サイコキネシス,85.3
アローラライチュウ,エレキフィールド,55.9
アローラライチュウ,ライジングボルト,44.1
アローラライチュウ,１０まんボルト,44.1
アローラライチュウ,ボルトチェンジ,32.4
アローラライチュウ,アンコール,14.7
アローラライチュウ,なみのり,14.7
アローラライチュウ,きあいだま,11.8
アローラライチュウ,みわくのボイス,11.8
アローラライチュウ,はたきおとす,8.8
アローラライチュウ,サイコキネシス,59.4
アローラライチュウ,１０まんボルト,51.4
アローラライチュウ,エレキフィールド,43.6
アローラライチュウ,ライジングボルト,36.7
アローラライチュウ,なみのり,24.8
アローラライチュウ,ボルトチェンジ,22.8
アローラライチュウ,みわくのボイス,15.0
アローラライチュウ,アンコール,12.9
アローラライチュウ,きあいだま,12.1
アローラライチュウ,わるだくみ,10.2
ケンタロス(パルデア水),インファイト,88.6
ケンタロス(パルデア水),レイジングブル,77.1
ケンタロス(パルデア水),アクアジェット,54.3
ケンタロス(パルデア水),じしん,34.3
ケンタロス(パルデア水),ウェーブタックル,22.9
ケンタロス(パルデア水),ビルドアップ,17.1
ケンタロス(パルデア水),ワイルドボルト,17.1
ケンタロス(パルデア水),いわなだれ,11.4
ケンタロス(パルデア水),まもる,8.6
ケンタロス(パルデア水),がんせきふうじ,8.6
ケンタロス(パルデア水),インファイト,82.9
ケンタロス(パルデア水),レイジングブル,65.8
ケンタロス(パルデア水),アクアジェット,59.2
ケンタロス(パルデア水),じしん,34.7
ケンタロス(パルデア水),ワイルドボルト,32.5
ケンタロス(パルデア水),ウェーブタックル,27.4
ケンタロス(パルデア水),ビルドアップ,21.6
ケンタロス(パルデア水),ボディプレス,11.3
ケンタロス(パルデア水),くさわけ,8.8
ケンタロス(パルデア水),がんせきふうじ,6.7
フロストロトム,ふぶき,90.6
フロストロトム,１０まんボルト,68.8
フロストロトム,ボルトチェンジ,65.6
フロストロトム,トリック,40.6
フロストロトム,おにび,28.1
フロストロトム,シャドーボール,18.8
フロストロトム,まもる,9.4
フロストロトム,わるだくみ,9.4
フロストロトム,ほうでん,9.4
フロストロトム,イカサマ,9.4
フロストロトム,ふぶき,91.9
フロストロトム,ボルトチェンジ,71.1
フロストロトム,１０まんボルト,67.1
フロストロトム,おにび,40.8
フロストロトム,トリック,38.1
フロストロトム,シャドーボール,13.8
フロストロトム,あくのはどう,10.8
フロストロトム,ほうでん,9.2
フロストロトム,わるだくみ,7.8
フロストロトム,イカサマ,7.3
アーボック,へびにらみ,62.5
アーボック,ダストシュート,58.3
アーボック,とぐろをまく,41.7
アーボック,はたきおとす,33.3
アーボック,じしん,33.3
アーボック,ふいうち,16.7
アーボック,どくびし,16.7
アーボック,すりかえ,16.7
アーボック,いたみわけ,12.5
アーボック,どくづき,12.5
アーボック,へびにらみ,68.3
アーボック,ダストシュート,45.8
アーボック,はたきおとす,34.0
アーボック,どくびし,33.7
アーボック,じしん,27.6
アーボック,ドラゴンテール,22.0
アーボック,とぐろをまく,21.0
アーボック,ふいうち,17.2
アーボック,どくどく,12.5
アーボック,すりかえ,11.7
ブースター,フレアドライブ,87.1
ブースター,ばかぢから,71.0
ブースター,でんこうせっか,61.3
ブースター,ニトロチャージ,32.3
ブースター,おにび,25.8
ブースター,がむしゃら,12.9
ブースター,くさわけ,12.9
ブースター,あくび,9.7
ブースター,すてみタックル,9.7
ブースター,まもる,6.5
ブースター,フレアドライブ,84.3
ブースター,ばかぢから,61.8
ブースター,でんこうせっか,48.8
ブースター,おにび,26.5
ブースター,ニトロチャージ,24.3
ブースター,がむしゃら,19.4
ブースター,あくび,17.7
ブースター,ねがいごと,16.2
ブースター,まもる,11.7
ブースター,くさわけ,8.3
バクーダ,だいちのちから,93.3
バクーダ,げんしのちから,60.0
バクーダ,ラスターカノン,56.7
バクーダ,かえんほうしゃ,40.0
バクーダ,だいもんじ,33.3
バクーダ,ふんか,33.3
バクーダ,あくび,13.3
バクーダ,いわなだれ,6.7
バクーダ,おにび,6.7
バクーダ,オーバーヒート,6.7
バクーダ,だいちのちから,92.0
バクーダ,げんしのちから,56.6
バクーダ,かえんほうしゃ,50.0
バクーダ,ラスターカノン,44.3
バクーダ,ふんか,40.3
バクーダ,だいもんじ,21.2
バクーダ,いわなだれ,11.0
バクーダ,あくび,10.1
バクーダ,ステルスロック,7.4
バクーダ,おにび,6.0
レントラー,サンダーダイブ,78.8
レントラー,こおりのキバ,60.6
レントラー,ボルトチェンジ,51.5
レントラー,ばかぢから,33.3
レントラー,つぶらなひとみ,27.3
レントラー,でんこうせっか,24.2
レントラー,かみくだく,21.2
レントラー,でんじは,18.2
レントラー,じゃれつく,15.2
レントラー,ほのおのキバ,12.1
レントラー,サンダーダイブ,64.4
レントラー,こおりのキバ,62.7
レントラー,ボルトチェンジ,53.5
レントラー,ばかぢから,37.5
レントラー,でんじは,22.2
レントラー,でんこうせっか,21.4
レントラー,つぶらなひとみ,20.4
レントラー,じゃれつく,17.7
レントラー,ワイルドボルト,12.9
レントラー,かみくだく,11.7
ジュナイパー,かげぬい,86.7
ジュナイパー,リーフブレード,66.7
ジュナイパー,かげうち,33.3
ジュナイパー,はねやすめ,30.0
ジュナイパー,とんぼがえり,30.0
ジュナイパー,ふいうち,23.3
ジュナイパー,つるぎのまい,16.7
ジュナイパー,のろい,13.3
ジュナイパー,ポルターガイスト,13.3
ジュナイパー,くさわけ,10.0
ジュナイパー,かげぬい,76.5
ジュナイパー,リーフブレード,64.9
ジュナイパー,かげうち,38.3
ジュナイパー,はねやすめ,28.4
ジュナイパー,つるぎのまい,21.1
ジュナイパー,のろい,21.1
ジュナイパー,とんぼがえり,19.4
ジュナイパー,ふいうち,19.1
ジュナイパー,ポルターガイスト,15.6
ジュナイパー,ブレイブバード,10.3
ライチュウ,１０まんボルト,57.7
ライチュウ,ねこだまし,34.6
ライチュウ,ボルトチェンジ,34.6
ライチュウ,ほっぺすりすり,34.6
ライチュウ,くさむすび,30.8
ライチュウ,アンコール,26.9
ライチュウ,なみのり,23.1
ライチュウ,みわくのボイス,19.2
ライチュウ,がむしゃら,11.5
ライチュウ,きあいだま,11.5
ライチュウ,１０まんボルト,57.4
ライチュウ,アンコール,39.3
ライチュウ,ほっぺすりすり,36.7
ライチュウ,なみのり,35.8
ライチュウ,ボルトチェンジ,29.0
ライチュウ,みわくのボイス,18.1
ライチュウ,ねこだまし,17.1
ライチュウ,わるだくみ,16.6
ライチュウ,がむしゃら,16.4
ライチュウ,きあいだま,12.9
バクフーン,ふんか,77.8
バクフーン,ねっさのだいち,77.8
バクフーン,シャドーボール,44.4
バクフーン,かえんほうしゃ,25.9
バクフーン,きあいだま,22.2
バクフーン,じんつうりき,14.8
バクフーン,ふんえん,14.8
バクフーン,ブラストバーン,11.1
バクフーン,オーバーヒート,11.1
バクフーン,はかいこうせん,11.1
バクフーン,ふんか,81.2
バクフーン,ねっさのだいち,55.7
バクフーン,シャドーボール,46.7
バクフーン,かえんほうしゃ,38.7
バクフーン,きあいだま,34.3
バクフーン,オーバーヒート,14.3
バクフーン,じんつうりき,12.5
バクフーン,もえつきる,12.2
バクフーン,おにび,11.1
バクフーン,がむしゃら,9.4
リーフィア,はたきおとす,75.0
リーフィア,リーフブレード,66.7
リーフィア,つるぎのまい,45.8
リーフィア,やどりぎのタネ,37.5
リーフィア,こうごうせい,20.8
リーフィア,ソーラーブレード,20.8
リーフィア,にほんばれ,16.7
リーフィア,バトンタッチ,12.5
リーフィア,あくび,12.5
リーフィア,くさわけ,12.5
リーフィア,リーフブレード,68.6
リーフィア,はたきおとす,51.3
リーフィア,つるぎのまい,37.5
リーフィア,やどりぎのタネ,36.7
リーフィア,こうごうせい,26.0
リーフィア,あくび,25.6
リーフィア,ソーラーブレード,25.2
リーフィア,バトンタッチ,12.6
リーフィア,にほんばれ,11.2
リーフィア,くさわけ,11.0
オーロット,やどりぎのタネ,78.6
オーロット,まもる,64.3
オーロット,ウッドホーン,64.3
オーロット,おにび,53.6
オーロット,のろい,32.1
オーロット,みがわり,21.4
オーロット,どくどく,17.9
オーロット,ふいうち,10.7
オーロット,みちづれ,7.1
オーロット,シャドークロー,7.1
オーロット,やどりぎのタネ,76.7
オーロット,まもる,55.4
オーロット,ウッドホーン,54.8
オーロット,おにび,54.1
オーロット,のろい,37.5
オーロット,みがわり,21.3
オーロット,ポルターガイスト,18.6
オーロット,ゴーストダイブ,10.0
オーロット,ふいうち,9.1
オーロット,トリックルーム,7.1
ゴロンダ,バレットパンチ,71.4
ゴロンダ,ドレインパンチ,57.1
ゴロンダ,ＤＤラリアット,42.9
ゴロンダ,れいとうパンチ,35.7
ゴロンダ,ぶちかまし,35.7
ゴロンダ,インファイト,25.0
ゴロンダ,はたきおとす,17.9
ゴロンダ,ダストシュート,14.3
ゴロンダ,ほうふく,14.3
ゴロンダ,かみなりパンチ,14.3
ゴロンダ,バレットパンチ,69.5
ゴロンダ,ドレインパンチ,42.4
ゴロンダ,ＤＤラリアット,39.1
ゴロンダ,れいとうパンチ,33.7
ゴロンダ,インファイト,29.1
ゴロンダ,はたきおとす,19.8
ゴロンダ,ダストシュート,18.2
ゴロンダ,ほうふく,15.7
ゴロンダ,すてゼリフ,12.4
ゴロンダ,ぶちかまし,12.2
アマルルガ,オーロラベール,85.2
アマルルガ,ふぶき,77.8
アマルルガ,ステルスロック,55.6
アマルルガ,フリーズドライ,37.0
アマルルガ,アンコール,18.5
アマルルガ,げんしのちから,18.5
アマルルガ,ミラーコート,14.8
アマルルガ,だいちのちから,14.8
アマルルガ,でんじは,14.8
アマルルガ,サイコキネシス,14.8
アマルルガ,オーロラベール,66.6
アマルルガ,ふぶき,59.6
アマルルガ,ステルスロック,49.9
アマルルガ,フリーズドライ,45.7
アマルルガ,だいちのちから,29.8
アマルルガ,げんしのちから,24.6
アマルルガ,ミラーコート,24.0
アマルルガ,でんじは,14.1
アマルルガ,アンコール,13.1
アマルルガ,ハイパーボイス,9.5
エモンガ,ほっぺすりすり,73.9
エモンガ,アンコール,56.5
エモンガ,ちょうはつ,47.8
エモンガ,エアスラッシュ,43.5
エモンガ,ボルトチェンジ,34.8
エモンガ,あまえる,26.1
エモンガ,かいでんぱ,17.4
エモンガ,バトンタッチ,13.0
エモンガ,とんぼがえり,13.0
エモンガ,ひかりのかべ,8.7
エモンガ,ほっぺすりすり,71.7
エモンガ,アンコール,60.1
エモンガ,エアスラッシュ,46.6
エモンガ,ボルトチェンジ,35.6
エモンガ,ちょうはつ,32.8
エモンガ,あまえる,20.6
エモンガ,とんぼがえり,17.9
エモンガ,１０まんボルト,15.8
エモンガ,かいでんぱ,10.8
エモンガ,バトンタッチ,8.8
トリミアン,コットンガード,70.8
トリミアン,ふいうち,37.5
トリミアン,でんじは,37.5
トリミアン,ほえる,29.2
トリミアン,こおりのキバ,25.0
トリミアン,ねむる,25.0
トリミアン,サイコファング,20.8
トリミアン,とんぼがえり,20.8
トリミアン,すてみタックル,16.7
トリミアン,とっておき,16.7
トリミアン,コットンガード,60.8
トリミアン,でんじは,40.9
トリミアン,こおりのキバ,32.9
トリミアン,ほえる,25.6
トリミアン,バークアウト,23.2
トリミアン,ふいうち,21.2
トリミアン,ねむる,21.0
トリミアン,とんぼがえり,18.9
トリミアン,がむしゃら,18.3
トリミアン,かみくだく,14.2
クレベース(ヒスイ),ひょうざんおろし,64.5
クレベース(ヒスイ),ミラーコート,61.3
クレベース(ヒスイ),つららばり,38.7
クレベース(ヒスイ),ロックブラスト,38.7
クレベース(ヒスイ),ボディプレス,38.7
クレベース(ヒスイ),こうそくスピン,29.0
クレベース(ヒスイ),じしん,25.8
クレベース(ヒスイ),ステルスロック,22.6
クレベース(ヒスイ),ストーンエッジ,16.1
クレベース(ヒスイ),じこさいせい,12.9
クレベース(ヒスイ),ひょうざんおろし,63.9
クレベース(ヒスイ),じしん,51.2
クレベース(ヒスイ),ミラーコート,51.1
クレベース(ヒスイ),こうそくスピン,44.7
クレベース(ヒスイ),ボディプレス,31.7
クレベース(ヒスイ),ロックブラスト,26.6
クレベース(ヒスイ),つららばり,24.9
クレベース(ヒスイ),ステルスロック,20.8
クレベース(ヒスイ),ストーンエッジ,17.6
クレベース(ヒスイ),がんせきふうじ,16.7
ルガルガン(まひる),アクセルロック,72.0
ルガルガン(まひる),がむしゃら,60.0
ルガルガン(まひる),インファイト,44.0
ルガルガン(まひる),ステルスロック,44.0
ルガルガン(まひる),ちょうはつ,28.0
ルガルガン(まひる),いわなだれ,24.0
ルガルガン(まひる),がんせきふうじ,20.0
ルガルガン(まひる),ふいうち,20.0
ルガルガン(まひる),つるぎのまい,12.0
ルガルガン(まひる),アイアンヘッド,12.0
ルガルガン(まひる),アクセルロック,74.4
ルガルガン(まひる),ステルスロック,55.0
ルガルガン(まひる),がむしゃら,51.0
ルガルガン(まひる),インファイト,48.4
ルガルガン(まひる),ちょうはつ,28.8
ルガルガン(まひる),いわなだれ,19.8
ルガルガン(まひる),ストーンエッジ,16.9
ルガルガン(まひる),じゃれつく,13.7
ルガルガン(まひる),ドリルライナー,11.7
ルガルガン(まひる),がんせきふうじ,10.8
アヤシシ,バリアーラッシュ,83.3
アヤシシ,じしん,44.4
アヤシシ,１０まんボルト,27.8
アヤシシ,だいちのちから,22.2
アヤシシ,とびかかる,22.2
アヤシシ,サイコキネシス,22.2
アヤシシ,メガホーン,16.7
アヤシシ,めいそう,16.7
アヤシシ,すてみタックル,16.7
アヤシシ,エナジーボール,16.7
アヤシシ,バリアーラッシュ,68.6
アヤシシ,じしん,36.1
アヤシシ,だいちのちから,32.0
アヤシシ,１０まんボルト,29.0
アヤシシ,エナジーボール,20.8
アヤシシ,トリックルーム,18.1
アヤシシ,とびかかる,17.8
アヤシシ,サイコキネシス,17.5
アヤシシ,でんじは,13.4
アヤシシ,すてみタックル,11.5
タブンネ,あくび,56.0
タブンネ,ドレインキッス,52.0
タブンネ,めいそう,44.0
タブンネ,ねがいごと,40.0
タブンネ,マジカルシャイン,24.0
タブンネ,いやしのねがい,16.0
タブンネ,トリックルーム,16.0
タブンネ,かえんほうしゃ,16.0
タブンネ,れいとうビーム,16.0
タブンネ,リフレクター,12.0
タブンネ,ねがいごと,39.4
タブンネ,めいそう,36.8
タブンネ,ドレインキッス,36.4
タブンネ,あくび,32.7
タブンネ,トリックルーム,31.8
タブンネ,いやしのねがい,30.1
タブンネ,かえんほうしゃ,27.9
タブンネ,アンコール,21.1
タブンネ,マジカルシャイン,18.7
タブンネ,れいとうビーム,18.2
ツンベアー,つららおとし,90.5
ツンベアー,インファイト,66.7
ツンベアー,じしん,57.1
ツンベアー,アクアジェット,52.4
ツンベアー,アクアブレイク,38.1
ツンベアー,つるぎのまい,23.8
ツンベアー,いわなだれ,9.5
ツンベアー,あまごい,9.5
ツンベアー,がむしゃら,9.5
ツンベアー,じごくづき,9.5
ツンベアー,つららおとし,69.9
ツンベアー,インファイト,64.9
ツンベアー,じしん,60.1
ツンベアー,アクアジェット,46.2
ツンベアー,つるぎのまい,23.9
ツンベアー,つららばり,21.5
ツンベアー,アクアブレイク,19.0
ツンベアー,いわなだれ,12.3
ツンベアー,ストーンエッジ,9.8
ツンベアー,ぜったいれいど,9.0
パンプジン(特大),ポルターガイスト,66.7
パンプジン(特大),おにび,44.4
パンプジン(特大),やどりぎのタネ,44.4
パンプジン(特大),パワーウィップ,38.9
パンプジン(特大),だいばくはつ,33.3
パンプジン(特大),かげうち,33.3
パンプジン(特大),トリックルーム,27.8
パンプジン(特大),まもる,22.2
パンプジン(特大),のろい,16.7
パンプジン(特大),ゴーストダイブ,16.7
パンプジン(特大),おにび,61.7
パンプジン(特大),ポルターガイスト,51.5
パンプジン(特大),やどりぎのタネ,50.8
パンプジン(特大),トリックルーム,35.2
パンプジン(特大),パワーウィップ,33.1
パンプジン(特大),かげうち,29.2
パンプジン(特大),だいばくはつ,28.5
パンプジン(特大),のろい,16.0
パンプジン(特大),まもる,15.2
パンプジン(特大),みちづれ,13.8
バリコオル,フリーズドライ,61.9
バリコオル,サイコキネシス,52.4
バリコオル,トリックルーム,28.6
バリコオル,れいとうビーム,28.6
バリコオル,ミラーコート,23.8
バリコオル,こおりのつぶて,19.0
バリコオル,くろいきり,14.3
バリコオル,こうそくスピン,14.3
バリコオル,シャドーボール,14.3
バリコオル,ねこだまし,14.3
バリコオル,フリーズドライ,69.8
バリコオル,サイコキネシス,48.5
バリコオル,こうそくスピン,24.3
バリコオル,こおりのつぶて,20.7
バリコオル,アンコール,18.4
バリコオル,ミラーコート,17.9
バリコオル,れいとうビーム,15.6
バリコオル,ぜったいれいど,15.0
バリコオル,トリックルーム,13.1
バリコオル,きあいだま,12.4
ラムパルド,もろはのずつき,90.0
ラムパルド,じしん,80.0
ラムパルド,サンダーダイブ,45.0
ラムパルド,ほのおのパンチ,35.0
ラムパルド,アイアンヘッド,30.0
ラムパルド,げきりん,20.0
ラムパルド,ばかぢから,15.0
ラムパルド,アームハンマー,15.0
ラムパルド,しねんのずつき,10.0
ラムパルド,いわなだれ,5.0
ラムパルド,もろはのずつき,86.9
ラムパルド,じしん,71.9
ラムパルド,サンダーダイブ,51.1
ラムパルド,アイアンヘッド,34.1
ラムパルド,ばかぢから,24.4
ラムパルド,げきりん,19.5
ラムパルド,いわなだれ,14.9
ラムパルド,ほのおのパンチ,14.5
ラムパルド,しねんのずつき,9.8
ラムパルド,アームハンマー,7.4
トリデプス,ステルスロック,66.7
トリデプス,ボディプレス,66.7
トリデプス,じわれ,52.4
トリデプス,ほえる,42.9
トリデプス,メタルバースト,38.1
トリデプス,イカサマ,38.1
トリデプス,てっぺき,28.6
トリデプス,ヘビーボンバー,14.3
トリデプス,いわなだれ,9.5
トリデプス,まもる,9.5
トリデプス,ステルスロック,67.0
トリデプス,じわれ,54.2
トリデプス,ボディプレス,53.8
トリデプス,ほえる,48.0
トリデプス,メタルバースト,45.6
トリデプス,イカサマ,37.0
トリデプス,てっぺき,24.4
トリデプス,ヘビーボンバー,9.5
トリデプス,ねむる,7.7
トリデプス,まもる,7.0
スピンロトム,エアスラッシュ,88.2
スピンロトム,ボルトチェンジ,88.2
スピンロトム,トリック,58.8
スピンロトム,１０まんボルト,58.8
スピンロトム,おにび,41.2
スピンロトム,でんじは,23.5
スピンロトム,わるだくみ,11.8
スピンロトム,たたりめ,11.8
スピンロトム,あくのはどう,5.9
スピンロトム,ほうでん,5.9
スピンロトム,エアスラッシュ,91.4
スピンロトム,１０まんボルト,61.1
スピンロトム,ボルトチェンジ,58.3
スピンロトム,おにび,45.8
スピンロトム,トリック,26.0
スピンロトム,わるだくみ,18.7
スピンロトム,ほうでん,15.4
スピンロトム,でんじは,12.1
スピンロトム,シャドーボール,11.4
スピンロトム,あくのはどう,8.9
ルガルガン(まよなか),ストーンエッジ,68.4
ルガルガン(まよなか),ふいうち,52.6
ルガルガン(まよなか),がむしゃら,36.8
ルガルガン(まよなか),ステルスロック,36.8
ルガルガン(まよなか),ちょうはつ,31.6
ルガルガン(まよなか),アイアンテール,26.3
ルガルガン(まよなか),がんせきふうじ,21.1
ルガルガン(まよなか),じゃれつく,21.1
ルガルガン(まよなか),カウンター,15.8
ルガルガン(まよなか),はやてがえし,15.8
ルガルガン(まよなか),ストーンエッジ,79.3
ルガルガン(まよなか),ふいうち,55.9
ルガルガン(まよなか),インファイト,38.8
ルガルガン(まよなか),カウンター,29.9
ルガルガン(まよなか),ステルスロック,26.5
ルガルガン(まよなか),がむしゃら,22.6
ルガルガン(まよなか),アイアンテール,20.6
ルガルガン(まよなか),じゃれつく,16.6
ルガルガン(まよなか),はやてがえし,14.8
ルガルガン(まよなか),ちょうはつ,11.9
レパルダス,バトンタッチ,52.9
レパルダス,アンコール,52.9
レパルダス,イカサマ,52.9
レパルダス,かげぶんしん,41.2
レパルダス,みがわり,35.3
レパルダス,あくび,23.5
レパルダス,わるだくみ,17.6
レパルダス,でんじは,17.6
レパルダス,あまえる,11.8
レパルダス,トリック,11.8
レパルダス,アンコール,51.3
レパルダス,イカサマ,38.9
レパルダス,バトンタッチ,34.4
レパルダス,みがわり,32.9
レパルダス,かげぶんしん,28.7
レパルダス,ちょうはつ,25.2
レパルダス,まねっこ,20.9
レパルダス,あくび,19.6
レパルダス,ねこだまし,17.0
タルップル,じこさいせい,73.3
タルップル,りんごさん,73.3
タルップル,てっぺき,60.0
タルップル,やどりぎのタネ,46.7
タルップル,ふいうち,26.7
タルップル,りゅうせいぐん,26.7
タルップル,ボディプレス,26.7
タルップル,みがわり,13.3
タルップル,ドわすれ,6.7
タルップル,ギガドレイン,6.7
タルップル,りんごさん,88.6
タルップル,じこさいせい,63.0
タルップル,やどりぎのタネ,56.7
タルップル,てっぺき,44.8
タルップル,りゅうせいぐん,26.3
タルップル,ボディプレス,25.2
タルップル,ドわすれ,13.7
タルップル,りゅうのはどう,13.6
タルップル,リサイクル,13.1
タルップル,まもる,11.6
キュウコン,ソーラービーム,52.9
キュウコン,アンコール,47.1
キュウコン,おにび,41.2
キュウコン,オーバーヒート,35.3
キュウコン,かえんほうしゃ,29.4
キュウコン,おきみやげ,23.5
キュウコン,だいもんじ,11.8
キュウコン,バトンタッチ,11.8
キュウコン,じこあんじ,11.8
キュウコン,めいそう,11.8
キュウコン,ソーラービーム,65.1
キュウコン,おにび,41.2
キュウコン,かえんほうしゃ,37.3
キュウコン,アンコール,30.9
キュウコン,おきみやげ,25.3
キュウコン,オーバーヒート,25.2
キュウコン,ねっさのだいち,20.4
キュウコン,ウェザーボール,17.2
キュウコン,マジカルフレイム,14.5
キュウコン,わるだくみ,12.9
ニャオニクス♀,サイコキネシス,77.8
ニャオニクス♀,みわくのボイス,72.2
ニャオニクス♀,１０まんボルト,61.1
ニャオニクス♀,あくのはどう,27.8
ニャオニクス♀,めいそう,22.2
ニャオニクス♀,あくび,16.7
ニャオニクス♀,じゅうりょく,16.7
ニャオニクス♀,わるだくみ,16.7
ニャオニクス♀,シャドーボール,11.1
ニャオニクス♀,ねこだまし,11.1
ニャオニクス♀,サイコキネシス,75.3
ニャオニクス♀,みわくのボイス,70.2
ニャオニクス♀,１０まんボルト,60.5
ニャオニクス♀,わるだくみ,37.1
ニャオニクス♀,シャドーボール,25.3
ニャオニクス♀,あくのはどう,18.0
ニャオニクス♀,エナジーボール,15.4
ニャオニクス♀,めいそう,15.2
ニャオニクス♀,サイコショック,10.1
ニャオニクス♀,ねこだまし,7.8
マッギョ,だいちのちから,76.5
マッギョ,１０まんボルト,70.6
マッギョ,あくび,58.8
マッギョ,ステルスロック,58.8
マッギョ,じわれ,35.3
マッギョ,ヘドロウェーブ,17.6
マッギョ,ヘドロばくだん,11.8
マッギョ,ふいうち,11.8
マッギョ,ねっとう,11.8
マッギョ,みがわり,5.9
マッギョ,ステルスロック,74.1
マッギョ,だいちのちから,67.5
マッギョ,あくび,64.4
マッギョ,１０まんボルト,61.0
マッギョ,じわれ,24.0
マッギョ,ほうでん,21.0
マッギョ,ねっとう,15.1
マッギョ,イカサマ,9.9
マッギョ,ふいうち,9.4
マッギョ,ヘドロウェーブ,5.8
デデンネ,ほっぺすりすり,77.8
デデンネ,いかりのまえば,72.2
デデンネ,あまえる,44.4
デデンネ,マジカルシャイン,38.9
デデンネ,かいでんぱ,33.3
デデンネ,ボルトチェンジ,22.2
デデンネ,１０まんボルト,22.2
デデンネ,ドレインキッス,16.7
デデンネ,とんぼがえり,11.1
デデンネ,ほうでん,11.1
デデンネ,ほっぺすりすり,75.7
デデンネ,いかりのまえば,54.6
デデンネ,あまえる,42.7
デデンネ,マジカルシャイン,42.5
デデンネ,かいでんぱ,29.4
デデンネ,ボルトチェンジ,27.1
デデンネ,１０まんボルト,24.3
デデンネ,がむしゃら,14.1
デデンネ,パラボラチャージ,12.0
デデンネ,とんぼがえり,9.8
ヒヤッキー,れいとうビーム,58.3
ヒヤッキー,ハイドロポンプ,50.0
ヒヤッキー,ねこだまし,41.7
ヒヤッキー,きあいだま,33.3
ヒヤッキー,いわなだれ,25.0
ヒヤッキー,アクアブレイク,25.0
ヒヤッキー,あまごい,16.7
ヒヤッキー,わるだくみ,16.7
ヒヤッキー,ねっとう,16.7
ヒヤッキー,れいとうパンチ,16.7
ヒヤッキー,れいとうビーム,51.2
ヒヤッキー,ねこだまし,43.0
ヒヤッキー,ハイドロポンプ,34.6
ヒヤッキー,きあいだま,32.0
ヒヤッキー,ねっとう,27.9
ヒヤッキー,れいとうパンチ,20.7
ヒヤッキー,クイックターン,18.7
ヒヤッキー,わるだくみ,18.6
ヒヤッキー,いわなだれ,17.6
ヒヤッキー,アクアブレイク,16.6
ケンタロス,レイジングブル,63.6
ケンタロス,インファイト,36.4
ケンタロス,じごくづき,27.3
ケンタロス,じしん,27.3
ケンタロス,いわなだれ,18.2
ケンタロス,げきりん,18.2
ケンタロス,のしかかり,18.2
ケンタロス,アイアンヘッド,18.2
ケンタロス,ストーンエッジ,18.2
ケンタロス,なみのり,18.2
ケンタロス,じしん,60.9
ケンタロス,インファイト,55.3
ケンタロス,レイジングブル,35.1
ケンタロス,アイアンヘッド,31.5
ケンタロス,ワイルドボルト,24.0
ケンタロス,いわなだれ,23.7
ケンタロス,じごくづき,20.7
ケンタロス,すてみタックル,16.7
ケンタロス,げきりん,13.8
ケンタロス,のしかかり,13.0
アップリュー,Ｇのちから,100.0
アップリュー,ふいうち,72.7
アップリュー,げきりん,45.5
アップリュー,ドラゴンダイブ,36.4
アップリュー,とんぼがえり,27.3
アップリュー,ダブルウイング,27.3
アップリュー,がむしゃら,18.2
アップリュー,りゅうのまい,18.2
アップリュー,くさわけ,18.2
アップリュー,そらをとぶ,9.1
アップリュー,Ｇのちから,97.5
アップリュー,ふいうち,78.8
アップリュー,げきりん,56.0
アップリュー,りゅうのまい,36.9
アップリュー,ドラゴンダイブ,31.4
アップリュー,とんぼがえり,29.3
アップリュー,ダブルウイング,23.3
アップリュー,アクロバット,7.7
アップリュー,がむしゃら,5.7
アップリュー,つばめがえし,5.3
ガラルマッギョ,あくび,66.7
ガラルマッギョ,ステルスロック,66.7
ガラルマッギョ,じわれ,66.7
ガラルマッギョ,カウンター,33.3
ガラルマッギョ,トラバサミ,33.3
ガラルマッギョ,まもる,22.2
ガラルマッギョ,イカサマ,22.2
ガラルマッギョ,てっていこうせん,22.2
ガラルマッギョ,いわなだれ,11.1
ガラルマッギョ,ふいうち,11.1
ガラルマッギョ,ステルスロック,75.6
ガラルマッギョ,あくび,74.5
ガラルマッギョ,トラバサミ,58.1
ガラルマッギョ,じわれ,41.9
ガラルマッギョ,じしん,24.1
ガラルマッギョ,カウンター,23.0
ガラルマッギョ,ふいうち,13.9
ガラルマッギョ,イカサマ,13.7
ガラルマッギョ,てっていこうせん,13.2
ガラルマッギョ,まもる,11.1
パンプジン(普通),ポルターガイスト,62.5
パンプジン(普通),おにび,50.0
パンプジン(普通),パワーウィップ,50.0
パンプジン(普通),トリック,37.5
パンプジン(普通),タネばくだん,25.0
パンプジン(普通),かげうち,25.0
パンプジン(普通),ハロウィン,25.0
パンプジン(普通),やどりぎのタネ,25.0
パンプジン(普通),だいばくはつ,12.5
パンプジン(普通),まもる,12.5
パンプジン(普通),パワーウィップ,47.6
パンプジン(普通),やどりぎのタネ,46.3
パンプジン(普通),ポルターガイスト,43.4
パンプジン(普通),おにび,42.6
パンプジン(普通),だいばくはつ,24.4
パンプジン(普通),トリック,22.2
パンプジン(普通),ゴーストダイブ,19.3
パンプジン(普通),みちづれ,18.0
パンプジン(普通),タネばくだん,15.6
パンプジン(普通),かげうち,14.9
ヤレユータン,サイコキネシス,72.7
ヤレユータン,トリックルーム,54.5
ヤレユータン,まもる,27.3
ヤレユータン,あくび,27.3
ヤレユータン,はかいこうせん,27.3
ヤレユータン,ひかりのかべ,18.2
ヤレユータン,リフレクター,18.2
ヤレユータン,アンコール,18.2
ヤレユータン,はたきおとす,18.2
ヤレユータン,わるだくみ,18.2
ヤレユータン,サイコキネシス,55.3
ヤレユータン,トリックルーム,38.5
ヤレユータン,あくび,36.0
ヤレユータン,イカサマ,23.8
ヤレユータン,１０まんボルト,20.2
ヤレユータン,アンコール,20.1
ヤレユータン,きあいだま,17.7
ヤレユータン,シャドーボール,16.6
ヤレユータン,サイコノイズ,13.3
ヤレユータン,まもる,13.2
ミルホッグ,いかりのまえば,50.0
ミルホッグ,れいとうパンチ,50.0
ミルホッグ,ギガインパクト,37.5
ミルホッグ,つるぎのまい,25.0
ミルホッグ,かみくだく,25.0
ミルホッグ,でんじは,25.0
ミルホッグ,さいみんじゅつ,25.0
ミルホッグ,ひかりのかべ,12.5
ミルホッグ,みがわり,12.5
ミルホッグ,バトンタッチ,12.5
ミルホッグ,いかりのまえば,50.3
ミルホッグ,すてみタックル,40.4
ミルホッグ,ギガインパクト,38.9
ミルホッグ,れいとうパンチ,25.9
ミルホッグ,かみくだく,22.8
ミルホッグ,タネマシンガン,19.3
ミルホッグ,でんじは,17.2
ミルホッグ,けたぐり,13.9
ミルホッグ,さいみんじゅつ,11.4
ミルホッグ,メロメロ,10.9
ダストダス,ダストシュート,83.3
ダストダス,だいばくはつ,66.7
ダストダス,どくびし,50.0
ダストダス,ドレインパンチ,33.3
ダストダス,じだんだ,33.3
ダストダス,くろいきり,16.7
ダストダス,ロックブラスト,16.7
ダストダス,ヘドロウェーブ,16.7
ダストダス,どくどく,16.7
ダストダス,ドわすれ,8.3
ダストダス,ダストシュート,66.2
ダストダス,だいばくはつ,49.0
ダストダス,ドレインパンチ,40.5
ダストダス,どくどく,34.0
ダストダス,じだんだ,27.5
ダストダス,どくびし,27.0
ダストダス,まきびし,14.3
ダストダス,いたみわけ,14.0
ダストダス,どくづき,13.3
ダストダス,ロックブラスト,11.3
ナゲツケサル,インファイト,66.7
ナゲツケサル,いわなだれ,55.6
ナゲツケサル,はたきおとす,33.3
ナゲツケサル,ダストシュート,33.3
ナゲツケサル,じしん,33.3
ナゲツケサル,タネばくだん,22.2
ナゲツケサル,ドレインパンチ,22.2
ナゲツケサル,アイアンヘッド,22.2
ナゲツケサル,アクロバット,22.2
ナゲツケサル,まもる,11.1
ナゲツケサル,インファイト,56.3
ナゲツケサル,ドレインパンチ,44.3
ナゲツケサル,はたきおとす,41.5
ナゲツケサル,ダストシュート,36.0
ナゲツケサル,とんぼがえり,28.8
ナゲツケサル,いわなだれ,25.9
ナゲツケサル,じしん,25.9
ナゲツケサル,アイアンヘッド,21.3
ナゲツケサル,ビルドアップ,16.1
ナゲツケサル,がんせきふうじ,10.0
ロトム,ボルトチェンジ,80.0
ロトム,シャドーボール,60.0
ロトム,１０まんボルト,60.0
ロトム,おにび,40.0
ロトム,トリック,40.0
ロトム,さわぐ,20.0
ロトム,チャージビーム,20.0
ロトム,イカサマ,20.0
ロトム,たたりめ,20.0
ロトム,ポルターガイスト,20.0
ロトム,おにび,60.3
ロトム,ボルトチェンジ,59.4
ロトム,１０まんボルト,50.5
ロトム,シャドーボール,49.1
ロトム,たたりめ,35.8
ロトム,トリック,31.1
ロトム,いたみわけ,16.6
ロトム,でんじは,16.3
ロトム,ほうでん,10.6
ロトム,イカサマ,9.6
ダイケンキ,しんくうは,66.7
ダイケンキ,ハイドロポンプ,50.0
ダイケンキ,なみのり,50.0
ダイケンキ,れいとうビーム,50.0
ダイケンキ,アンコール,33.3
ダイケンキ,アクアジェット,33.3
ダイケンキ,クイックターン,33.3
ダイケンキ,つるぎのまい,16.7
ダイケンキ,ねむる,16.7
ダイケンキ,ちょうはつ,16.7
ダイケンキ,れいとうビーム,67.7
ダイケンキ,アクアジェット,40.7
ダイケンキ,ハイドロポンプ,36.9
ダイケンキ,しんくうは,36.2
ダイケンキ,なみのり,35.6
ダイケンキ,アンコール,30.4
ダイケンキ,クイックターン,20.3
ダイケンキ,くさむすび,16.6
ダイケンキ,ちょうはつ,11.7
ダイケンキ,せいなるつるぎ,11.3
ヤナッキー,リーフストーム,100.0
ヤナッキー,ねこだまし,75.0
ヤナッキー,ちょうはつ,75.0
ヤナッキー,きあいだま,75.0
ヤナッキー,ばかぢから,25.0
ヤナッキー,ダストシュート,25.0
ヤナッキー,やどりぎのタネ,25.0
ヤナッキー,ねこだまし,39.4
ヤナッキー,いわなだれ,33.4
ヤナッキー,リーフストーム,30.4
ヤナッキー,タネばくだん,30.3
ヤナッキー,きあいだま,24.9
ヤナッキー,ちょうはつ,21.9
ヤナッキー,ばかぢから,21.3
ヤナッキー,がんせきふうじ,20.2
ヤナッキー,やどりぎのタネ,18.1
ヤナッキー,ダストシュート,14.6
バオッキー,かえんほうしゃ,50.0
バオッキー,ソーラービーム,50.0
バオッキー,ねっさのだいち,50.0
バオッキー,だいもんじ,25.0
バオッキー,いわなだれ,25.0
バオッキー,ねこだまし,25.0
バオッキー,ねっぷう,25.0
バオッキー,おにび,25.0
バオッキー,ちょうはつ,25.0
バオッキー,あくび,25.0
バオッキー,ねこだまし,29.9
バオッキー,フレアドライブ,29.7
バオッキー,かえんほうしゃ,25.6
バオッキー,オーバーヒート,22.5
バオッキー,あくび,20.7
バオッキー,ねっさのだいち,20.2
バオッキー,ダストシュート,19.7
バオッキー,いわなだれ,19.4
バオッキー,おにび,17.5
バオッキー,ちょうはつ,14.5
パンプジン(大),おにび,60.0
パンプジン(大),ポルターガイスト,60.0
パンプジン(大),だいばくはつ,40.0
パンプジン(大),かげうち,40.0
パンプジン(大),トリックルーム,40.0
パンプジン(大),イカサマ,40.0
パンプジン(大),やどりぎのタネ,40.0
パンプジン(大),まもる,20.0
パンプジン(大),みちづれ,20.0
パンプジン(大),タネばくだん,20.0
パンプジン(大),やどりぎのタネ,59.9
パンプジン(大),おにび,59.0
パンプジン(大),ポルターガイスト,44.5
パンプジン(大),パワーウィップ,34.1
パンプジン(大),かげうち,29.8
パンプジン(大),まもる,23.2
パンプジン(大),イカサマ,22.1
パンプジン(大),トリックルーム,17.5
パンプジン(大),だいばくはつ,16.2
パンプジン(大),のろい,11.5
ケンタロス(パルデア単),レイジングブル,100.0
ケンタロス(パルデア単),じしん,100.0
ケンタロス(パルデア単),がんせきふうじ,50.0
ケンタロス(パルデア単),ビルドアップ,50.0
ケンタロス(パルデア単),アイアンヘッド,50.0
ケンタロス(パルデア単),ワイルドボルト,50.0
ケンタロス(パルデア単),レイジングブル,53.0
ケンタロス(パルデア単),じしん,45.3
ケンタロス(パルデア単),インファイト,34.4
ケンタロス(パルデア単),ワイルドボルト,30.3
ケンタロス(パルデア単),ビルドアップ,25.1
ケンタロス(パルデア単),アイアンヘッド,19.3
ケンタロス(パルデア単),じごくづき,17.5
ケンタロス(パルデア単),ねごと,16.4
ケンタロス(パルデア単),こわいかお,16.1
ケンタロス(パルデア単),いびき,15.9
ポワルン,だいもんじ,66.7
ポワルン,ウェザーボール,66.7
ポワルン,ふぶき,66.7
ポワルン,にほんばれ,33.3
ポワルン,ぼうふう,33.3
ポワルン,ハイドロポンプ,33.3
ポワルン,ソーラービーム,33.3
ポワルン,１０まんボルト,33.3
ポワルン,かみなり,33.3
ポワルン,ウェザーボール,67.0
ポワルン,かみなり,32.4
ポワルン,１０まんボルト,27.1
ポワルン,れいとうビーム,24.5
ポワルン,ぼうふう,23.8
ポワルン,ソーラービーム,23.5
ポワルン,にほんばれ,22.1
ポワルン,だいもんじ,19.1
ポワルン,ねっとう,18.1
ポワルン,ふぶき,15.1
フレフワン,トリックルーム,75.0
フレフワン,ムーンフォース,75.0
フレフワン,ミストバースト,50.0
フレフワン,サイコキネシス,50.0
フレフワン,ひかりのかべ,25.0
フレフワン,リフレクター,25.0
フレフワン,じたばた,25.0
フレフワン,アンコール,25.0
フレフワン,わるだくみ,25.0
フレフワン,ミストフィールド,25.0
フレフワン,トリックルーム,64.8
フレフワン,ムーンフォース,61.9
フレフワン,ミストバースト,40.7
フレフワン,アンコール,34.4
フレフワン,１０まんボルト,26.1
フレフワン,ミストフィールド,20.5
フレフワン,サイコキネシス,19.2
フレフワン,ドレインキッス,16.5
フレフワン,めいそう,15.7
フレフワン,わるだくみ,12.2
パンプジン(小),ポルターガイスト,70.7
パンプジン(小),おにび,52.8
パンプジン(小),トリック,41.6
パンプジン(小),パワーウィップ,39.3
パンプジン(小),みちづれ,33.7
パンプジン(小),やどりぎのタネ,32.2
パンプジン(小),かげうち,16.3
パンプジン(小),だいばくはつ,13.7
パンプジン(小),いわなだれ,12.9
パンプジン(小),のろい,10.8
