ガブリアス,じしん,99.2
ガブリアス,ステルスロック,49.7
ガブリアス,げきりん,47.7
ガブリアス,がんせきふうじ,39.1
ガブリアス,スケイルショット,34.4
ガブリアス,いわなだれ,23.2
ガブリアス,つるぎのまい,20.4
ガブリアス,どくづき,19.5
ガブリアス,ドラゴンテール,18.5
ガブリアス,ほのおのキバ,14.6
ブリジュラス,１０まんボルト,65.6
ブリジュラス,りゅうせいぐん,64.5
ブリジュラス,ラスターカノン,55.6
ブリジュラス,ステルスロック,50.1
ブリジュラス,はどうだん,26.8
ブリジュラス,ほえる,24.2
ブリジュラス,ミラーコート,19.2
ブリジュラス,ドラゴンテール,19.0
ブリジュラス,てっていこうせん,12.8
ブリジュラス,エレクトロビーム,11.0
マスカーニャ,トリックフラワー,92.6
マスカーニャ,トリプルアクセル,72.6
マスカーニャ,とんぼがえり,68.4
マスカーニャ,はたきおとす,56.3
マスカーニャ,かみなりパンチ,21.5
マスカーニャ,じゃれつく,13.8
マスカーニャ,ふいうち,12.1
マスカーニャ,けたぐり,11.7
マスカーニャ,パワージェム,9.8
マスカーニャ,どくびし,7.6
アシレーヌ,ムーンフォース,96.8
アシレーヌ,うたかたのアリア,79.0
アシレーヌ,アクアジェット,66.3
アシレーヌ,アンコール,40.9
アシレーヌ,クイックターン,29.4
アシレーヌ,めいそう,26.9
アシレーヌ,なみのり,16.8
アシレーヌ,ミストフィールド,7.0
アシレーヌ,れいとうビーム,5.3
アシレーヌ,ねむる,4.5
リザードン,ソーラービーム,61.9
リザードン,かえんほうしゃ,42.3
リザードン,エアスラッシュ,33.4
リザードン,フレアドライブ,32.6
リザードン,ニトロチャージ,28.4
リザードン,オーバーヒート,27.0
リザードン,りゅうのまい,26.3
リザードン,ドラゴンクロー,23.2
リザードン,はねやすめ,22.1
リザードン,かみなりパンチ,18.0
イダイトウ♂,おはかまいり,99.9
イダイトウ♂,ウェーブタックル,96.3
イダイトウ♂,アクアジェット,90.7
イダイトウ♂,クイックターン,78.4
イダイトウ♂,こうそくいどう,11.3
イダイトウ♂,もろはのずつき,3.9
イダイトウ♂,こおりのキバ,3.8
イダイトウ♂,アクアブレイク,2.8
イダイトウ♂,みがわり,1.9
イダイトウ♂,がむしゃら,1.6
アーマーガア,はねやすめ,98.0
アーマーガア,ボディプレス,70.7
アーマーガア,てっぺき,63.4
アーマーガア,とんぼがえり,62.0
アーマーガア,アイアンヘッド,31.0
アーマーガア,ブレイブバード,19.1
アーマーガア,ちょうはつ,14.5
アーマーガア,ビルドアップ,14.5
アーマーガア,きりばらい,14.4
アーマーガア,つけあがる,5.6
カバルドン,じしん,97.9
カバルドン,あくび,94.2
カバルドン,ステルスロック,84.5
カバルドン,なまける,54.0
カバルドン,ふきとばし,43.3
カバルドン,まもる,10.9
カバルドン,ほえる,5.4
カバルドン,がんせきふうじ,2.5
カバルドン,こおりのキバ,2.4
カバルドン,ストーンエッジ,1.1
ルカリオ,インファイト,70.2
ルカリオ,コメットパンチ,54.3
ルカリオ,バレットパンチ,47.6
ルカリオ,つるぎのまい,39.4
ルカリオ,しんくうは,26.8
ルカリオ,はどうだん,24.1
ルカリオ,しんそく,23.0
ルカリオ,ラスターカノン,18.3
ルカリオ,じしん,17.4
ルカリオ,てっていこうせん,14.7
ミミロップ,ねこだまし,62.8
ミミロップ,インファイト,59.4
ミミロップ,トリプルアクセル,45.0
ミミロップ,マッハパンチ,38.4
ミミロップ,つるぎのまい,36.2
ミミロップ,とびひざげり,35.4
ミミロップ,メガトンキック,25.8
ミミロップ,とんぼがえり,20.7
ミミロップ,れいとうパンチ,17.3
ミミロップ,ギガインパクト,11.8
ゲンガー,ヘドロウェーブ,81.3
ゲンガー,シャドーボール,71.1
ゲンガー,きあいだま,36.8
ゲンガー,こごえるかぜ,36.3
ゲンガー,みちづれ,31.1
ゲンガー,たたりめ,27.5
ゲンガー,おにび,27.0
ゲンガー,まもる,13.3
ゲンガー,ヘドロばくだん,12.6
ゲンガー,みがわり,10.1
ギルガルド(シールド),かげうち,95.9
ギルガルド(シールド),キングシールド,84.5
ギルガルド(シールド),ポルターガイスト,67.1
ギルガルド(シールド),つるぎのまい,36.4
ギルガルド(シールド),せいなるつるぎ,33.5
ギルガルド(シールド),アイアンヘッド,31.3
ギルガルド(シールド),シャドーボール,26.7
ギルガルド(シールド),インファイト,15.1
ギルガルド(シールド),ラスターカノン,6.0
ギルガルド(シールド),てっていこうせん,0.8
ギャラドス,たきのぼり,86.3
ギャラドス,りゅうのまい,73.6
ギャラドス,じしん,63.7
ギャラドス,こおりのキバ,45.8
ギャラドス,パワーウィップ,41.3
ギャラドス,ちょうはつ,27.9
ギャラドス,ゆきなだれ,19.4
ギャラドス,かみくだく,12.6
ギャラドス,やけっぱち,10.0
ギャラドス,でんじは,5.7
ハッサム,バレットパンチ,99.7
ハッサム,つるぎのまい,86.2
ハッサム,インファイト,72.1
ハッサム,はたきおとす,52.9
ハッサム,はねやすめ,29.4
ハッサム,とんぼがえり,20.9
ハッサム,ダブルウイング,13.1
ハッサム,むしくい,7.9
ハッサム,のろい,4.6
ハッサム,つじぎり,2.0
カイリュー,りゅうせいぐん,54.1
カイリュー,エアスラッシュ,53.8
カイリュー,１０まんボルト,47.2
カイリュー,しんそく,47.1
カイリュー,かえんほうしゃ,46.0
カイリュー,はねやすめ,34.4
カイリュー,れいとうビーム,17.0
カイリュー,じしん,15.2
カイリュー,りゅうのまい,14.9
カイリュー,げきりん,11.7
キラフロル,パワージェム,85.7
キラフロル,ヘドロウェーブ,69.0
キラフロル,だいちのちから,66.8
キラフロル,ステルスロック,37.3
キラフロル,ニードルガード,27.7
キラフロル,キラースピン,21.1
キラフロル,マッドショット,18.5
キラフロル,ロックカット,15.9
キラフロル,どくどく,11.8
キラフロル,エナジーボール,11.2
フラエッテ(永遠),ムーンフォース,86.6
フラエッテ(永遠),めいそう,85.8
フラエッテ(永遠),ドレインキッス,74.1
フラエッテ(永遠),はめつのひかり,47.6
フラエッテ(永遠),サイコキネシス,40.2
フラエッテ(永遠),こうごうせい,20.9
フラエッテ(永遠),みがわり,9.8
フラエッテ(永遠),あまえる,9.7
フラエッテ(永遠),ミストフィールド,4.7
フラエッテ(永遠),アシストパワー,4.4
ウルガモス,ちょうのまい,97.3
ウルガモス,ほのおのまい,79.0
ウルガモス,あさのひざし,63.8
ウルガモス,ギガドレイン,59.9
ウルガモス,むしのさざめき,33.8
ウルガモス,おにび,27.8
ウルガモス,マジカルフレイム,14.0
ウルガモス,みがわり,5.4
ウルガモス,かえんほうしゃ,5.4
ウルガモス,サイコキネシス,5.2
スターミー,アクアブレイク,89.2
スターミー,アクアジェット,87.2
スターミー,アイススピナー,65.9
スターミー,クイックターン,54.4
スターミー,しねんのずつき,38.4
スターミー,サイコカッター,25.0
スターミー,こうそくスピン,6.8
スターミー,ビルドアップ,5.6
スターミー,たきのぼり,4.7
スターミー,じこさいせい,4.1
ミミッキュ,かげうち,93.4
ミミッキュ,じゃれつく,91.9
ミミッキュ,つるぎのまい,85.7
ミミッキュ,シャドークロー,60.5
ミミッキュ,ドレインパンチ,24.6
ミミッキュ,のろい,15.1
ミミッキュ,トリックルーム,3.9
ミミッキュ,おにび,3.9
ミミッキュ,いたみわけ,3.2
ミミッキュ,ちょうはつ,2.6
ウォッシュロトム,ハイドロポンプ,98.5
ウォッシュロトム,ボルトチェンジ,88.2
ウォッシュロトム,おにび,80.0
ウォッシュロトム,１０まんボルト,57.3
ウォッシュロトム,いたみわけ,24.9
ウォッシュロトム,トリック,14.8
ウォッシュロトム,ほうでん,7.7
ウォッシュロトム,わるだくみ,6.2
ウォッシュロトム,イカサマ,3.3
ウォッシュロトム,ねむる,3.0
サザンドラ,あくのはどう,98.4
サザンドラ,りゅうせいぐん,90.1
サザンドラ,かえんほうしゃ,66.3
サザンドラ,とんぼがえり,66.3
サザンドラ,だいもんじ,14.4
サザンドラ,ラスターカノン,10.7
サザンドラ,だいちのちから,9.3
サザンドラ,きあいだま,8.0
サザンドラ,ちょうはつ,7.2
サザンドラ,わるだくみ,6.7
ダイケンキ(ヒスイ),ひけん・ちえなみ,98.2
ダイケンキ(ヒスイ),せいなるつるぎ,86.3
ダイケンキ(ヒスイ),シェルブレード,71.4
ダイケンキ(ヒスイ),ふいうち,65.9
ダイケンキ(ヒスイ),アンコール,18.5
ダイケンキ(ヒスイ),クイックターン,15.7
ダイケンキ(ヒスイ),れいとうビーム,9.8
ダイケンキ(ヒスイ),アクアカッター,8.6
ダイケンキ(ヒスイ),しんくうは,6.8
ダイケンキ(ヒスイ),アクアジェット,6.4
ドドゲザン,ふいうち,99.0
ドドゲザン,ドゲザン,96.2
ドドゲザン,アイアンヘッド,87.1
ドドゲザン,つるぎのまい,72.0
ドドゲザン,けたぐり,17.6
ドドゲザン,ハサミギロチン,10.0
ドドゲザン,かわらわり,3.4
ドドゲザン,メタルバースト,3.3
ドドゲザン,まもる,2.6
ドドゲザン,ちょうはつ,1.2
ソウブレイズ,かげうち,93.5
ソウブレイズ,ポルターガイスト,86.1
ソウブレイズ,つるぎのまい,82.4
ソウブレイズ,むねんのつるぎ,81.6
ソウブレイズ,インファイト,38.0
ソウブレイズ,みちづれ,5.4
ソウブレイズ,おにび,2.4
ソウブレイズ,ビルドアップ,2.1
ソウブレイズ,シャドークロー,1.7
ソウブレイズ,どくづき,1.0
カメックス,はどうだん,90.0
カメックス,みずのはどう,79.0
カメックス,あくのはどう,78.7
カメックス,からをやぶる,70.7
カメックス,れいとうビーム,23.5
カメックス,アクアジェット,20.1
カメックス,なみのり,6.8
カメックス,りゅうのはどう,6.5
カメックス,ハイドロポンプ,4.8
カメックス,こうそくスピン,4.2
マフォクシー,かえんほうしゃ,64.7
マフォクシー,サイコショック,50.7
マフォクシー,アンコール,42.8
マフォクシー,わるだくみ,40.5
マフォクシー,サイコキネシス,38.3
マフォクシー,マジカルシャイン,32.2
マフォクシー,マジカルフレイム,30.0
マフォクシー,おにび,24.3
マフォクシー,みがわり,19.5
マフォクシー,ねがいごと,10.9
ラウドボーン,フレアソング,99.6
ラウドボーン,なまける,95.6
ラウドボーン,おにび,76.4
ラウドボーン,シャドーボール,51.7
ラウドボーン,たたりめ,34.6
ラウドボーン,あくび,15.1
ラウドボーン,だいちのちから,4.3
ラウドボーン,みわくのボイス,3.6
ラウドボーン,まもる,3.2
ラウドボーン,ふういん,3.2
フシギバナ,だいちのちから,87.8
フシギバナ,こうごうせい,71.7
フシギバナ,やどりぎのタネ,59.3
フシギバナ,ギガドレイン,58.0
フシギバナ,ヘドロばくだん,54.3
フシギバナ,ヘドロウェーブ,22.6
フシギバナ,どくどく,13.1
フシギバナ,ねむりごな,7.3
フシギバナ,アシッドボム,6.6
フシギバナ,まもる,2.8
ハラバリー,パラボラチャージ,98.6
ハラバリー,なまける,83.2
ハラバリー,ボルトチェンジ,67.2
ハラバリー,みずびたし,66.4
ハラバリー,どくどく,59.2
ハラバリー,アシッドボム,7.1
ハラバリー,ふいうち,4.2
ハラバリー,まもる,2.0
ハラバリー,１０まんボルト,1.8
ハラバリー,マッドショット,1.1
ブラッキー,イカサマ,96.9
ブラッキー,まもる,80.3
ブラッキー,ねがいごと,78.7
ブラッキー,あくび,59.6
ブラッキー,どくどく,37.3
ブラッキー,つきのひかり,19.5
ブラッキー,ちょうはつ,4.4
ブラッキー,ほえる,4.1
ブラッキー,バトンタッチ,3.4
ブラッキー,バークアウト,3.3
ゲッコウガ,れいとうビーム,89.5
ゲッコウガ,あくのはどう,74.8
ゲッコウガ,ヘドロウェーブ,65.6
ゲッコウガ,なみのり,43.8
ゲッコウガ,みずしゅりけん,28.0
ゲッコウガ,ハイドロポンプ,15.5
ゲッコウガ,くさむすび,13.4
ゲッコウガ,マッドショット,10.7
ゲッコウガ,どくびし,10.3
ゲッコウガ,じんつうりき,8.3
オオニューラ,インファイト,98.6
オオニューラ,フェイタルクロー,95.3
オオニューラ,じごくづき,51.1
オオニューラ,ねこだまし,37.8
オオニューラ,つるぎのまい,29.7
オオニューラ,とんぼがえり,16.7
オオニューラ,アクロバット,12.3
オオニューラ,いわなだれ,8.9
オオニューラ,シャドークロー,7.4
オオニューラ,ちょうはつ,7.2
メガニウム,ソーラービーム,97.9
メガニウム,ウェザーボール,94.7
メガニウム,マジカルシャイン,79.4
メガニウム,こうごうせい,73.1
メガニウム,だいちのちから,24.3
メガニウム,みがわり,13.3
メガニウム,やどりぎのタネ,5.1
メガニウム,げんしのちから,4.4
メガニウム,くさわけ,1.6
メガニウム,アンコール,1.3
ガルーラ,れいとうパンチ,74.8
ガルーラ,じしん,73.9
ガルーラ,ふいうち,61.7
ガルーラ,すてみタックル,47.6
ガルーラ,ねこだまし,46.7
ガルーラ,のしかかり,23.2
ガルーラ,ほのおのパンチ,20.5
ガルーラ,ドレインパンチ,11.5
ガルーラ,かみなりパンチ,7.5
ガルーラ,とっておき,4.1
ピクシー,ムーンフォース,83.7
ピクシー,つきのひかり,80.4
ピクシー,コスモパワー,54.5
ピクシー,アシストパワー,35.5
ピクシー,かえんほうしゃ,28.8
ピクシー,めいそう,27.8
ピクシー,ステルスロック,13.6
ピクシー,バトンタッチ,12.0
ピクシー,アンコール,11.1
ピクシー,でんじは,11.1
クエスパトラ,ルミナコリジョン,90.2
クエスパトラ,バトンタッチ,80.1
クエスパトラ,めいそう,73.9
クエスパトラ,まもる,69.9
クエスパトラ,マジカルシャイン,26.2
クエスパトラ,みがわり,22.2
クエスパトラ,シャドーボール,9.9
クエスパトラ,アシストパワー,5.2
クエスパトラ,フェザーダンス,4.0
クエスパトラ,さいみんじゅつ,3.4
バンギラス,はたきおとす,73.4
バンギラス,ストーンエッジ,49.7
バンギラス,じしん,48.2
バンギラス,れいとうパンチ,39.5
バンギラス,ステルスロック,36.9
バンギラス,りゅうのまい,28.9
バンギラス,がんせきふうじ,17.2
バンギラス,ロックブラスト,13.9
バンギラス,いわなだれ,12.2
バンギラス,ばかぢから,12.0
ニンフィア,ハイパーボイス,96.6
ニンフィア,あくび,67.6
ニンフィア,でんこうせっか,57.3
ニンフィア,マジカルフレイム,56.5
ニンフィア,まもる,28.7
ニンフィア,ねがいごと,25.9
ニンフィア,めいそう,16.3
ニンフィア,はかいこうせん,8.7
ニンフィア,シャドーボール,8.0
ニンフィア,ミストフィールド,5.3
ペリッパー,ぼうふう,97.8
ペリッパー,とんぼがえり,86.5
ペリッパー,れいとうビーム,74.7
ペリッパー,なみのり,58.1
ペリッパー,ウェザーボール,30.0
ペリッパー,おいかぜ,20.0
ペリッパー,はねやすめ,8.4
ペリッパー,ハイドロポンプ,7.6
ペリッパー,でんこうせっか,3.9
ペリッパー,こごえるかぜ,3.0
オニシズクモ,ねばねばネット,93.4
オニシズクモ,アクアブレイク,86.2
オニシズクモ,ミラーコート,79.6
オニシズクモ,とびかかる,30.5
オニシズクモ,きゅうけつ,18.1
オニシズクモ,とびつく,12.4
オニシズクモ,なみのり,12.3
オニシズクモ,がむしゃら,11.2
オニシズクモ,こわいかお,9.7
オニシズクモ,こごえるかぜ,8.5
ゾロアーク(ヒスイ),こごえるかぜ,59.8
ゾロアーク(ヒスイ),うらみつらみ,49.7
ゾロアーク(ヒスイ),おきみやげ,47.2
ゾロアーク(ヒスイ),シャドーボール,46.3
ゾロアーク(ヒスイ),かえんほうしゃ,41.4
ゾロアーク(ヒスイ),ちょうはつ,33.4
ゾロアーク(ヒスイ),きあいだま,21.5
ゾロアーク(ヒスイ),トリック,16.0
ゾロアーク(ヒスイ),おにび,14.6
ゾロアーク(ヒスイ),かげうち,11.3
エアームド,ブレイブバード,66.3
エアームド,つるぎのまい,57.4
エアームド,はねやすめ,57.2
エアームド,ドリルライナー,44.5
エアームド,アイアンヘッド,35.7
エアームド,ステルスロック,28.4
エアームド,ちょうはつ,25.2
エアームド,ふきとばし,21.3
エアームド,ボディプレス,17.7
エアームド,まきびし,12.3
エルフーン,ムーンフォース,90.9
エルフーン,アンコール,77.4
エルフーン,おいかぜ,55.1
エルフーン,がむしゃら,41.5
エルフーン,やどりぎのタネ,34.7
エルフーン,おきみやげ,26.4
エルフーン,みがわり,21.9
エルフーン,ちょうはつ,13.7
エルフーン,コットンガード,10.0
エルフーン,ギガドレイン,6.1
カビゴン,じしん,63.6
カビゴン,あくび,40.3
カビゴン,れいとうパンチ,37.8
カビゴン,じばく,34.3
カビゴン,ヒートスタンプ,24.5
カビゴン,じわれ,22.1
カビゴン,すてみタックル,21.0
カビゴン,ねむる,19.4
カビゴン,のしかかり,16.8
カビゴン,まもる,12.5
エルレイド,せいなるつるぎ,88.4
エルレイド,サイコカッター,78.5
エルレイド,リーフブレード,62.4
エルレイド,かげうち,45.5
エルレイド,トリプルアクセル,28.5
エルレイド,つじぎり,17.7
エルレイド,シャドークロー,10.5
エルレイド,つるぎのまい,7.9
エルレイド,インファイト,7.4
エルレイド,ドレインパンチ,4.2
マンムー,じしん,99.2
マンムー,こおりのつぶて,93.5
マンムー,つららばり,53.3
マンムー,ステルスロック,37.4
マンムー,つららおとし,35.2
マンムー,がんせきふうじ,30.0
マンムー,がむしゃら,15.0
マンムー,いわなだれ,7.0
マンムー,ストーンエッジ,5.8
マンムー,はたきおとす,4.8
ヒートロトム,オーバーヒート,97.3
ヒートロトム,ボルトチェンジ,87.6
ヒートロトム,おにび,70.3
ヒートロトム,１０まんボルト,53.7
ヒートロトム,トリック,24.3
ヒートロトム,いたみわけ,10.2
ヒートロトム,ほうでん,9.6
ヒートロトム,わるだくみ,8.8
ヒートロトム,イカサマ,7.1
ヒートロトム,たたりめ,6.3
スコヴィラン,やどりぎのタネ,93.0
スコヴィラン,まもる,78.8
スコヴィラン,ギガドレイン,65.7
スコヴィラン,かえんほうしゃ,57.4
スコヴィラン,みがわり,23.7
スコヴィラン,リーフストーム,19.9
スコヴィラン,しっとのほのお,18.2
スコヴィラン,フレアドライブ,11.6
スコヴィラン,オーバーヒート,7.4
スコヴィラン,ほのおのうず,3.9
ドラパルト,ドラゴンアロー,67.0
ドラパルト,とんぼがえり,43.0
ドラパルト,ゴーストダイブ,39.9
ドラパルト,ふいうち,30.2
ドラパルト,おにび,29.6
ドラパルト,りゅうのまい,24.5
ドラパルト,りゅうせいぐん,21.7
ドラパルト,シャドーボール,19.7
ドラパルト,たたりめ,15.7
ドラパルト,かえんほうしゃ,14.8
ミロカロス,ねっとう,95.0
ミロカロス,じこさいせい,93.0
ミロカロス,ミラーコート,64.8
ミロカロス,れいとうビーム,60.3
ミロカロス,くろいきり,45.0
ミロカロス,こごえるかぜ,4.2
ミロカロス,クイックターン,4.1
ミロカロス,とぐろをまく,3.7
ミロカロス,さいみんじゅつ,3.2
ミロカロス,みわくのボイス,2.7
アローラキュウコン,ふぶき,87.0
アローラキュウコン,オーロラベール,86.7
アローラキュウコン,フリーズドライ,68.3
アローラキュウコン,ムーンフォース,59.2
アローラキュウコン,アンコール,42.4
アローラキュウコン,わるだくみ,20.6
アローラキュウコン,こおりのつぶて,6.3
アローラキュウコン,バトンタッチ,3.2
アローラキュウコン,めいそう,3.0
アローラキュウコン,ミストフィールド,2.8
ドリュウズ,じしん,98.3
ドリュウズ,アイアンヘッド,96.1
ドリュウズ,いわなだれ,65.9
ドリュウズ,つるぎのまい,38.7
ドリュウズ,つのドリル,25.4
ドリュウズ,こうそくスピン,18.4
ドリュウズ,がんせきふうじ,16.8
ドリュウズ,ステルスロック,8.9
ドリュウズ,どくづき,5.5
ドリュウズ,じごくづき,4.8
バイバニラ,フリーズドライ,93.7
バイバニラ,ふぶき,93.5
バイバニラ,こおりのつぶて,86.3
バイバニラ,ちょうはつ,53.5
バイバニラ,オーロラベール,40.8
バイバニラ,ぜったいれいど,12.8
バイバニラ,ミラーコート,6.3
バイバニラ,だいばくはつ,4.6
バイバニラ,ラスターカノン,2.1
バイバニラ,こごえるかぜ,1.3
サーナイト,ハイパーボイス,77.8
サーナイト,しんくうは,73.3
サーナイト,マジカルフレイム,47.6
サーナイト,１０まんボルト,34.8
サーナイト,サイコショック,31.4
サーナイト,サイコキネシス,30.5
サーナイト,サイコノイズ,23.0
サーナイト,ムーンフォース,20.2
サーナイト,めいそう,16.2
サーナイト,アンコール,4.5
ドヒドイデ,じこさいせい,96.7
ドヒドイデ,どくどく,88.1
ドヒドイデ,くろいきり,53.6
ドヒドイデ,まとわりつく,53.0
ドヒドイデ,トーチカ,45.1
ドヒドイデ,しっぺがえし,15.8
ドヒドイデ,どくびし,11.6
ドヒドイデ,アクアブレイク,7.9
ドヒドイデ,ひやみず,7.5
ドヒドイデ,どくづき,4.1
ガラルヤドキング,かえんほうしゃ,61.2
ガラルヤドキング,なまける,52.3
ガラルヤドキング,さむいギャグ,40.1
ガラルヤドキング,どくどく,34.7
ガラルヤドキング,ヘドロばくだん,30.5
ガラルヤドキング,めいそう,28.3
ガラルヤドキング,サイコキネシス,21.0
ガラルヤドキング,れいとうビーム,19.2
ガラルヤドキング,ヘドロウェーブ,18.6
ガラルヤドキング,サイコショック,11.5
ジュペッタ,みちづれ,97.5
ジュペッタ,ポルターガイスト,96.2
ジュペッタ,アンコール,69.3
ジュペッタ,かげうち,67.2
ジュペッタ,ちょうはつ,21.4
ジュペッタ,おにび,17.3
ジュペッタ,ダストシュート,10.3
ジュペッタ,ふいうち,5.8
ジュペッタ,つるぎのまい,1.8
ジュペッタ,シャドークロー,1.8
ローブシン,マッハパンチ,97.1
ローブシン,ドレインパンチ,74.7
ローブシン,れいとうパンチ,67.5
ローブシン,かみなりパンチ,36.0
ローブシン,はたきおとす,26.7
ローブシン,じしん,24.6
ローブシン,インファイト,21.7
ローブシン,どくづき,18.6
ローブシン,ほのおのパンチ,7.4
ローブシン,ビルドアップ,6.0
エンペルト,なみのり,74.8
エンペルト,れいとうビーム,64.7
エンペルト,しんくうは,49.7
エンペルト,ステルスロック,48.8
エンペルト,あくび,44.1
エンペルト,クイックターン,30.0
エンペルト,ラスターカノン,27.0
エンペルト,くさむすび,22.1
エンペルト,はねやすめ,6.9
エンペルト,ほえる,6.6
ユキメノコ,ふぶき,95.8
ユキメノコ,シャドーボール,78.0
ユキメノコ,オーロラベール,67.8
ユキメノコ,１０まんボルト,44.1
ユキメノコ,みちづれ,25.4
ユキメノコ,ちょうはつ,17.9
ユキメノコ,わるだくみ,13.5
ユキメノコ,おにび,12.7
ユキメノコ,こおりのつぶて,9.9
ユキメノコ,たたりめ,5.8
バサギリ,がんせきアックス,99.9
バサギリ,シザークロス,71.4
バサギリ,インファイト,64.1
バサギリ,つじぎり,50.0
バサギリ,とんぼがえり,28.0
バサギリ,でんこうせっか,14.9
バサギリ,フェイント,13.7
バサギリ,おいかぜ,13.6
バサギリ,つばめがえし,7.9
バサギリ,つるぎのまい,5.7
ポットデス,からをやぶる,98.5
ポットデス,シャドーボール,88.6
ポットデス,バトンタッチ,85.8
ポットデス,ちからをすいとる,76.0
ポットデス,アシストパワー,26.4
ポットデス,ギガドレイン,5.9
ポットデス,みがわり,5.5
ポットデス,おにび,3.0
ポットデス,ふいうち,2.3
ポットデス,めいそう,0.9
ヘラクロス,インファイト,94.4
ヘラクロス,ロックブラスト,89.7
ヘラクロス,タネマシンガン,79.7
ヘラクロス,じしん,50.0
ヘラクロス,ミサイルばり,42.7
ヘラクロス,くさわけ,16.7
ヘラクロス,フェイント,7.6
ヘラクロス,つるぎのまい,3.7
ヘラクロス,メガホーン,2.4
ヘラクロス,はたきおとす,2.0
ホルード,じしん,99.7
ホルード,でんこうせっか,81.2
ホルード,れいとうパンチ,80.3
ホルード,かみなりパンチ,45.8
ホルード,がんせきふうじ,15.7
ホルード,ほのおのパンチ,11.1
ホルード,とんぼがえり,8.6
ホルード,ばかぢから,7.2
ホルード,ダストシュート,5.8
ホルード,いわなだれ,5.5
ヌメルゴン(ヒスイ),ラスターカノン,56.7
ヌメルゴン(ヒスイ),１０まんボルト,43.7
ヌメルゴン(ヒスイ),りゅうせいぐん,42.7
ヌメルゴン(ヒスイ),たてこもる,35.2
ヌメルゴン(ヒスイ),ボディプレス,33.1
ヌメルゴン(ヒスイ),アシッドボム,33.0
ヌメルゴン(ヒスイ),かえんほうしゃ,31.3
ヌメルゴン(ヒスイ),れいとうビーム,24.4
ヌメルゴン(ヒスイ),りゅうのはどう,13.0
ヌメルゴン(ヒスイ),だいもんじ,11.1
メタモン,へんしん,100.0
マリルリ,アクアジェット,88.9
マリルリ,じゃれつく,87.4
マリルリ,アクアブレイク,57.9
マリルリ,はらだいこ,57.3
マリルリ,ばかぢから,32.9
マリルリ,ほろびのうた,11.3
マリルリ,まもる,10.5
マリルリ,うずしお,9.6
マリルリ,はたきおとす,9.3
マリルリ,アンコール,7.1
ヤドラン,なまける,87.1
ヤドラン,ねっとう,77.2
ヤドラン,てっぺき,51.5
ヤドラン,ボディプレス,40.0
ヤドラン,かえんほうしゃ,21.1
ヤドラン,めいそう,20.8
ヤドラン,れいとうビーム,19.6
ヤドラン,あくび,16.3
ヤドラン,サイコキネシス,11.7
ヤドラン,アシストパワー,7.6
ウツボット,ちからをすいとる,96.9
ウツボット,アンコール,48.6
ウツボット,ギガドレイン,45.4
ウツボット,ふいうち,35.4
ウツボット,どくびし,26.7
ウツボット,ヘドロウェーブ,25.3
ウツボット,はたきおとす,21.5
ウツボット,まきつく,20.3
ウツボット,ヘドロばくだん,14.2
ウツボット,どくどく,13.4
ブリムオン,マジカルフレイム,58.8
ブリムオン,トリックルーム,58.2
ブリムオン,ドレインキッス,44.3
ブリムオン,サイコキネシス,37.8
ブリムオン,めいそう,36.5
ブリムオン,ミストバースト,31.5
ブリムオン,マジカルシャイン,26.0
ブリムオン,サイコショック,20.7
ブリムオン,サイコノイズ,15.6
ブリムオン,いやしのねがい,15.1
ビビヨン,ねむりごな,99.4
ビビヨン,ちょうのまい,97.7
ビビヨン,ぼうふう,96.3
ビビヨン,みがわり,89.0
ビビヨン,むしのさざめき,5.6
ビビヨン,エアスラッシュ,2.3
ビビヨン,ギガドレイン,2.0
ビビヨン,おいかぜ,1.4
ビビヨン,ドレインキッス,1.2
ビビヨン,まもる,0.7
ジャローダ,リーフストーム,99.4
ジャローダ,へびにらみ,64.2
ジャローダ,りゅうのはどう,50.2
ジャローダ,ちょうはつ,41.9
ジャローダ,やどりぎのタネ,33.8
ジャローダ,みがわり,19.7
ジャローダ,ギガドレイン,19.3
ジャローダ,こうごうせい,15.8
ジャローダ,ミラーコート,13.9
ジャローダ,リフレクター,8.1
ドデカバシ,くちばしキャノン,99.1
ドデカバシ,タネマシンガン,70.6
ドデカバシ,ロックブラスト,66.6
ドデカバシ,アンコール,52.9
ドデカバシ,はねやすめ,44.9
ドデカバシ,とんぼがえり,23.9
ドデカバシ,はたきおとす,17.2
ドデカバシ,やけっぱち,3.9
ドデカバシ,おいかぜ,3.2
ドデカバシ,つるぎのまい,2.6
エレザード,１０まんボルト,79.7
エレザード,しっぽきり,69.9
エレザード,ボルトチェンジ,48.9
エレザード,へびにらみ,48.6
エレザード,なみのり,22.4
エレザード,ハイパーボイス,21.1
エレザード,きあいだま,21.0
エレザード,りゅうのはどう,14.6
エレザード,あくのはどう,9.7
エレザード,くさむすび,9.2
ヤミラミ,おにび,84.6
ヤミラミ,じこさいせい,70.1
ヤミラミ,イカサマ,69.5
ヤミラミ,アンコール,50.0
ヤミラミ,めいそう,22.9
ヤミラミ,かなしばり,13.9
ヤミラミ,メタルバースト,10.2
ヤミラミ,ひかりのかべ,9.2
ヤミラミ,たたりめ,7.7
ヤミラミ,ちょうはつ,7.1
ウインディ(ヒスイ),フレアドライブ,96.7
ウインディ(ヒスイ),もろはのずつき,93.4
ウインディ(ヒスイ),しんそく,60.3
ウインディ(ヒスイ),ワイルドボルト,45.3
ウインディ(ヒスイ),インファイト,36.8
ウインディ(ヒスイ),ステルスロック,17.7
ウインディ(ヒスイ),あさのひざし,8.7
ウインディ(ヒスイ),おにび,7.4
ウインディ(ヒスイ),げきりん,5.9
ウインディ(ヒスイ),ニトロチャージ,3.5
グレンアルマ,アーマーキャノン,90.8
グレンアルマ,みちづれ,58.3
グレンアルマ,サイコキネシス,50.2
グレンアルマ,サイコフィールド,36.4
グレンアルマ,ワイドフォース,34.5
グレンアルマ,はどうだん,23.6
グレンアルマ,エナジーボール,21.8
グレンアルマ,サイコショック,11.8
グレンアルマ,きあいだま,10.0
グレンアルマ,もえつきる,7.1
デカヌチャン,デカハンマー,96.9
デカヌチャン,アンコール,65.4
デカヌチャン,ステルスロック,64.2
デカヌチャン,じゃれつく,41.2
デカヌチャン,はたきおとす,30.0
デカヌチャン,じならし,18.7
デカヌチャン,でんじは,16.7
デカヌチャン,アイスハンマー,12.9
デカヌチャン,つるぎのまい,10.7
デカヌチャン,がんせきふうじ,10.1
ヤバソチャ,シャカシャカほう,96.4
ヤバソチャ,ちからをすいとる,95.5
ヤバソチャ,シャドーボール,72.7
ヤバソチャ,めいそう,65.2
ヤバソチャ,ねっとう,20.1
ヤバソチャ,たたりめ,8.5
ヤバソチャ,のろい,7.5
ヤバソチャ,トリックルーム,4.6
ヤバソチャ,みがわり,3.9
ヤバソチャ,てっぺき,3.5
ガオガエン,すてゼリフ,80.6
ガオガエン,ＤＤラリアット,69.5
ガオガエン,フレアドライブ,68.9
ガオガエン,おにび,41.6
ガオガエン,ねこだまし,36.3
ガオガエン,ちょうはつ,18.1
ガオガエン,ドレインパンチ,11.6
ガオガエン,ビルドアップ,7.3
ガオガエン,インファイト,7.0
ガオガエン,じごくづき,5.4
ウェーニバル,アクアステップ,97.0
ウェーニバル,インファイト,82.7
ウェーニバル,トリプルアクセル,45.2
ウェーニバル,アクアジェット,29.5
ウェーニバル,アイススピナー,22.2
ウェーニバル,アンコール,18.1
ウェーニバル,つるぎのまい,16.2
ウェーニバル,こうそくスピン,11.0
ウェーニバル,はたきおとす,9.6
ウェーニバル,ビルドアップ,9.3
シャンデラ,シャドーボール,90.4
シャンデラ,かえんほうしゃ,60.7
シャンデラ,エナジーボール,55.4
シャンデラ,オーバーヒート,32.1
シャンデラ,トリック,24.4
シャンデラ,サイコキネシス,17.6
シャンデラ,おにび,14.2
シャンデラ,ちいさくなる,13.7
シャンデラ,だいもんじ,10.8
シャンデラ,みがわり,9.4
ルチャブル,ブレイブバード,58.3
ルチャブル,とびひざげり,48.8
ルチャブル,つるぎのまい,48.1
ルチャブル,ストーンエッジ,38.6
ルチャブル,インファイト,29.6
ルチャブル,アンコール,23.7
ルチャブル,アクロバット,18.3
ルチャブル,ビルドアップ,16.2
ルチャブル,みがわり,15.2
ルチャブル,ちょうはつ,14.3
サメハダー,かみくだく,80.1
サメハダー,まもる,75.9
サメハダー,みちづれ,57.7
サメハダー,インファイト,47.6
サメハダー,こおりのキバ,35.4
サメハダー,たきのぼり,18.5
サメハダー,アクアブレイク,15.5
サメハダー,れいとうビーム,14.5
サメハダー,サイコファング,8.3
サメハダー,ゆきなだれ,7.0
エーフィ,サイコキネシス,74.9
エーフィ,みわくのボイス,49.8
エーフィ,パワージェム,45.0
エーフィ,トリック,35.5
エーフィ,シャドーボール,27.8
エーフィ,あくび,22.2
エーフィ,めいそう,21.1
エーフィ,マジカルシャイン,16.8
エーフィ,くさむすび,14.9
エーフィ,サイコショック,11.3
プテラ,ダブルウイング,84.9
プテラ,じしん,56.4
プテラ,いわなだれ,53.0
プテラ,こおりのキバ,52.8
プテラ,りゅうのまい,27.5
プテラ,ちょうはつ,23.9
プテラ,ストーンエッジ,16.3
プテラ,アイアンヘッド,12.9
プテラ,かみくだく,12.2
プテラ,ステルスロック,11.4
ジュナイパー(ヒスイ),３ぼんのや,99.2
ジュナイパー(ヒスイ),リーフブレード,89.0
ジュナイパー(ヒスイ),ふいうち,65.2
ジュナイパー(ヒスイ),とんぼがえり,25.3
ジュナイパー(ヒスイ),がんせきふうじ,24.0
ジュナイパー(ヒスイ),つるぎのまい,16.3
ジュナイパー(ヒスイ),かげうち,16.3
ジュナイパー(ヒスイ),ブレイブバード,10.6
ジュナイパー(ヒスイ),はたきおとす,6.9
ジュナイパー(ヒスイ),ちょうはつ,5.8
シャワーズ,ねがいごと,63.9
シャワーズ,ねっとう,54.2
シャワーズ,クイックターン,50.1
シャワーズ,まもる,49.6
シャワーズ,あくび,42.6
シャワーズ,れいとうビーム,30.2
シャワーズ,めいそう,23.9
シャワーズ,とける,22.7
シャワーズ,バトンタッチ,15.6
シャワーズ,なみのり,8.0
イッカネズミ(3匹),おかたづけ,88.7
イッカネズミ(3匹),ネズミざん,83.8
イッカネズミ(3匹),アンコール,63.2
イッカネズミ(3匹),バトンタッチ,45.8
イッカネズミ(3匹),かみつく,30.6
イッカネズミ(3匹),タネマシンガン,17.7
イッカネズミ(3匹),ちょうはつ,8.5
イッカネズミ(3匹),みがわり,8.4
イッカネズミ(3匹),じゃれつく,7.7
イッカネズミ(3匹),いかりのまえば,5.2
カイロス,でんこうせっか,85.0
カイロス,つるぎのまい,77.0
カイロス,やまあらし,62.1
カイロス,あばれる,45.9
カイロス,のしかかり,43.7
カイロス,じしん,33.0
カイロス,インファイト,8.4
カイロス,フェイント,7.6
カイロス,ハサミギロチン,6.4
カイロス,とびかかる,5.1
ブリガロン,ボディプレス,86.1
ブリガロン,こうごうせい,73.8
ブリガロン,てっぺき,65.8
ブリガロン,じしん,40.3
ブリガロン,やどりぎのタネ,36.6
ブリガロン,はたきおとす,19.0
ブリガロン,ウッドハンマー,17.6
ブリガロン,ニードルガード,15.6
ブリガロン,ドレインパンチ,10.9
ブリガロン,タネばくだん,4.5
ミミズズ,しっぽきり,92.3
ミミズズ,ボディプレス,83.9
ミミズズ,ステルスロック,70.7
ミミズズ,てっぺき,43.4
ミミズズ,メタルバースト,27.4
ミミズズ,ヘビーボンバー,17.9
ミミズズ,アイアンヘッド,12.1
ミミズズ,がんせきふうじ,9.9
ミミズズ,じしん,9.0
ミミズズ,ねむる,7.7
ゴウカザル,ステルスロック,42.1
ゴウカザル,インファイト,38.4
ゴウカザル,おにび,28.0
ゴウカザル,がんせきふうじ,25.1
ゴウカザル,マッハパンチ,22.9
ゴウカザル,フレアドライブ,21.4
ゴウカザル,はどうだん,17.4
ゴウカザル,アンコール,16.3
ゴウカザル,かみなりパンチ,16.2
ゴウカザル,オーバーヒート,15.2
ガラルヤドラン,シェルアームズ,84.6
ガラルヤドラン,サイコキネシス,65.1
ガラルヤドラン,れいとうビーム,64.6
ガラルヤドラン,かえんほうしゃ,52.5
ガラルヤドラン,パワージェム,11.8
ガラルヤドラン,だいもんじ,11.6
ガラルヤドラン,きあいだま,10.0
ガラルヤドラン,なまける,9.9
ガラルヤドラン,わるだくみ,9.8
ガラルヤドラン,サイコショック,8.3
ボスゴドラ,ボディプレス,87.9
ボスゴドラ,てっぺき,67.4
ボスゴドラ,ヘビーボンバー,62.3
ボスゴドラ,じしん,38.1
ボスゴドラ,メタルバースト,26.8
ボスゴドラ,ステルスロック,15.2
ボスゴドラ,アイアンヘッド,11.2
ボスゴドラ,ゆきなだれ,10.8
ボスゴドラ,ねむる,10.3
ボスゴドラ,ストーンエッジ,9.5
チリーン,じこさいせい,86.1
チリーン,めいそう,56.6
チリーン,アシストパワー,36.0
チリーン,ばくおんぱ,35.2
チリーン,ラスターカノン,31.4
チリーン,コスモパワー,27.5
チリーン,サイコショック,22.5
チリーン,サイコキネシス,16.5
チリーン,サイコノイズ,14.1
チリーン,ドレインキッス,14.0
フーディン,サイコキネシス,81.5
フーディン,きあいだま,59.7
フーディン,シャドーボール,57.3
フーディン,マジカルシャイン,42.8
フーディン,わるだくみ,31.4
フーディン,アンコール,25.1
フーディン,エナジーボール,23.3
フーディン,ワイドフォース,12.8
フーディン,くさむすび,11.1
フーディン,サイコショック,7.9
スピアー,どくづき,95.1
スピアー,ドリルライナー,83.4
スピアー,とんぼがえり,79.2
スピアー,はたきおとす,47.5
スピアー,とどめばり,45.3
スピアー,とびかかる,11.0
スピアー,つるぎのまい,4.9
スピアー,じごくづき,4.4
スピアー,ダブルウイング,4.0
スピアー,クロスポイズン,4.0
ケケンカニ,マッハパンチ,90.8
ケケンカニ,アイスハンマー,88.1
ケケンカニ,ドレインパンチ,83.1
ケケンカニ,かみなりパンチ,72.9
ケケンカニ,インファイト,13.8
ケケンカニ,じしん,12.7
ケケンカニ,れいとうパンチ,9.1
ケケンカニ,はたきおとす,7.0
ケケンカニ,ビルドアップ,5.4
ケケンカニ,クラブハンマー,4.9
オーダイル,アクアブレイク,71.7
オーダイル,りゅうのまい,66.6
オーダイル,アクアジェット,49.8
オーダイル,すてみタックル,43.5
オーダイル,じしん,28.8
オーダイル,のしかかり,28.1
オーダイル,れいとうパンチ,21.0
オーダイル,からげんき,16.8
オーダイル,たきのぼり,13.7
オーダイル,つるぎのまい,12.7
イダイトウ♀,シャドーボール,72.4
イダイトウ♀,アクアジェット,66.2
イダイトウ♀,れいとうビーム,58.8
イダイトウ♀,なみのり,45.8
イダイトウ♀,クイックターン,33.2
イダイトウ♀,ハイドロポンプ,30.4
イダイトウ♀,おはかまいり,27.1
イダイトウ♀,ウェーブタックル,21.8
イダイトウ♀,ふぶき,7.2
イダイトウ♀,こうそくいどう,5.3
グライオン,じしん,91.6
グライオン,ステルスロック,39.7
グライオン,どくどく,36.6
グライオン,ダブルウイング,22.4
グライオン,まもる,19.1
グライオン,つるぎのまい,19.0
グライオン,とんぼがえり,18.2
グライオン,アクロバット,16.1
グライオン,みがわり,16.0
グライオン,はたきおとす,15.8
バクフーン(ヒスイ),ふんか,77.8
バクフーン(ヒスイ),シャドーボール,56.8
バクフーン(ヒスイ),ひゃっきやこう,54.8
バクフーン(ヒスイ),きあいだま,44.8
バクフーン(ヒスイ),かえんほうしゃ,33.0
バクフーン(ヒスイ),おにび,15.9
バクフーン(ヒスイ),もえつきる,15.7
バクフーン(ヒスイ),のろい,13.4
バクフーン(ヒスイ),オーバーヒート,13.0
バクフーン(ヒスイ),じんつうりき,11.8
ユキノオー,ふぶき,91.2
ユキノオー,こおりのつぶて,64.7
ユキノオー,ギガドレイン,59.1
ユキノオー,だいちのちから,50.6
ユキノオー,オーロラベール,25.3
ユキノオー,リーフストーム,22.8
ユキノオー,やどりぎのタネ,21.7
ユキノオー,きあいだま,12.9
ユキノオー,ぜったいれいど,8.0
ユキノオー,じしん,7.6
イルカマン(ナイーブ),ジェットパンチ,85.0
イルカマン(ナイーブ),クイックターン,65.8
イルカマン(ナイーブ),ウェーブタックル,60.1
イルカマン(ナイーブ),インファイト,46.1
イルカマン(ナイーブ),れいとうパンチ,44.3
イルカマン(ナイーブ),ドレインパンチ,33.8
イルカマン(ナイーブ),ビルドアップ,24.3
イルカマン(ナイーブ),ちょうはつ,8.8
イルカマン(ナイーブ),アンコール,6.1
イルカマン(ナイーブ),みがわり,4.1
ウインディ,おにび,66.0
ウインディ,あさのひざし,64.9
ウインディ,しんそく,46.8
ウインディ,フレアドライブ,42.5
ウインディ,かえんほうしゃ,35.8
ウインディ,バークアウト,29.6
ウインディ,じゃれつく,17.2
ウインディ,ワイルドボルト,14.0
ウインディ,インファイト,12.4
ウインディ,もえつきる,11.6
ファイアロー,フレアドライブ,55.1
ファイアロー,おにび,45.4
ファイアロー,ブレイブバード,43.4
ファイアロー,ちょうはつ,39.3
ファイアロー,はねやすめ,35.6
ファイアロー,アクロバット,31.5
ファイアロー,おいかぜ,25.3
ファイアロー,とんぼがえり,23.9
ファイアロー,ダブルウイング,13.0
ファイアロー,まもる,11.7
ピジョット,ぼうふう,98.3
ピジョット,ねっぷう,97.6
ピジョット,はかいこうせん,72.8
ピジョット,みがわり,40.8
ピジョット,とんぼがえり,20.9
ピジョット,はねやすめ,18.3
ピジョット,でんこうせっか,16.4
ピジョット,おいかぜ,8.7
ピジョット,フェザーダンス,5.3
ピジョット,ふきとばし,4.4
マニューラ,はたきおとす,73.2
マニューラ,トリプルアクセル,63.8
マニューラ,こおりのつぶて,58.8
マニューラ,けたぐり,27.5
マニューラ,ねこだまし,25.8
マニューラ,つららおとし,21.7
マニューラ,どくづき,17.8
マニューラ,じごくづき,14.9
マニューラ,つるぎのまい,13.7
マニューラ,ちょうはつ,11.1
エンニュート,どくどく,87.9
エンニュート,アンコール,58.5
エンニュート,かえんほうしゃ,50.8
エンニュート,がむしゃら,35.4
エンニュート,まもる,24.9
エンニュート,オーバーヒート,21.6
エンニュート,ヘドロウェーブ,21.5
エンニュート,かなしばり,18.3
エンニュート,みがわり,17.5
エンニュート,ヘドロばくだん,10.1
バンバドロ,ボディプレス,88.1
バンバドロ,じしん,87.3
バンバドロ,ステルスロック,64.6
バンバドロ,ほえる,55.1
バンバドロ,ねむる,23.6
バンバドロ,てっぺき,13.4
バンバドロ,じわれ,11.7
バンバドロ,ヘビーボンバー,10.6
バンバドロ,うちおとす,8.3
バンバドロ,ストーンエッジ,5.7
チャーレム,インファイト,69.4
チャーレム,しねんのずつき,55.3
チャーレム,ねこだまし,54.7
チャーレム,バレットパンチ,50.5
チャーレム,かみなりパンチ,34.1
チャーレム,れいとうパンチ,27.5
チャーレム,サイコカッター,21.4
チャーレム,とびひざげり,20.3
チャーレム,どくづき,13.7
チャーレム,ブレイズキック,9.5
ケンタロス(パルデア炎),インファイト,92.3
ケンタロス(パルデア炎),レイジングブル,53.6
ケンタロス(パルデア炎),じしん,47.5
ケンタロス(パルデア炎),フレアドライブ,46.0
ケンタロス(パルデア炎),ワイルドボルト,42.4
ケンタロス(パルデア炎),ストーンエッジ,30.1
ケンタロス(パルデア炎),おにび,19.9
ケンタロス(パルデア炎),がんせきふうじ,16.6
ケンタロス(パルデア炎),ニトロチャージ,12.0
ケンタロス(パルデア炎),いわなだれ,11.0
ルガルガン(たそがれ),アクセルロック,94.3
ルガルガン(たそがれ),インファイト,65.4
ルガルガン(たそがれ),ステルスロック,40.2
ルガルガン(たそがれ),がむしゃら,37.3
ルガルガン(たそがれ),ドリルライナー,20.8
ルガルガン(たそがれ),カウンター,18.0
ルガルガン(たそがれ),ふいうち,15.9
ルガルガン(たそがれ),つるぎのまい,15.9
ルガルガン(たそがれ),ちょうはつ,14.0
ルガルガン(たそがれ),じゃれつく,13.6
アリアドス,ねばねばネット,85.5
アリアドス,どくのいと,79.4
アリアドス,であいがしら,77.3
アリアドス,ふいうち,47.8
アリアドス,どくびし,19.0
アリアドス,はたきおとす,15.7
アリアドス,どくづき,13.3
アリアドス,メガホーン,8.9
アリアドス,かげうち,7.2
アリアドス,とびかかる,6.5
デンリュウ,りゅうのはどう,87.1
デンリュウ,パラボラチャージ,58.4
デンリュウ,コットンガード,53.8
デンリュウ,１０まんボルト,47.9
デンリュウ,パワージェム,33.7
デンリュウ,きあいだま,32.5
デンリュウ,じゅうでん,25.4
デンリュウ,マジカルシャイン,15.2
デンリュウ,ボルトチェンジ,13.4
デンリュウ,かみなり,3.8
ワルビアル,じしん,93.2
ワルビアル,はたきおとす,53.3
ワルビアル,インファイト,40.3
ワルビアル,ステルスロック,33.8
ワルビアル,ちょうはつ,24.3
ワルビアル,ダストシュート,24.2
ワルビアル,かみくだく,22.9
ワルビアル,いわなだれ,21.9
ワルビアル,がんせきふうじ,14.5
ワルビアル,ストーンエッジ,9.5
チルタリス,はねやすめ,81.4
チルタリス,コットンガード,59.3
チルタリス,ハイパーボイス,56.3
チルタリス,かえんほうしゃ,34.2
チルタリス,りゅうのまい,27.7
チルタリス,じしん,16.5
チルタリス,のしかかり,14.9
チルタリス,すてみタックル,13.6
チルタリス,だいもんじ,12.3
チルタリス,おにび,10.1
ジャラランガ,スケイルノイズ,53.3
ジャラランガ,ソウルビート,45.8
ジャラランガ,はどうだん,31.6
ジャラランガ,ドレインパンチ,30.4
ジャラランガ,しんくうは,29.9
ジャラランガ,かえんほうしゃ,28.7
ジャラランガ,ラスターカノン,13.0
ジャラランガ,ちょうはつ,11.4
ジャラランガ,ステルスロック,10.9
ジャラランガ,てっぺき,10.1
グレイシア,フリーズドライ,96.5
グレイシア,こおりのつぶて,69.5
グレイシア,れいとうビーム,54.5
グレイシア,あくび,54.1
グレイシア,ミラーコート,26.3
グレイシア,マッドショット,17.4
グレイシア,シャドーボール,16.3
グレイシア,ふぶき,15.5
グレイシア,めいそう,7.5
グレイシア,つぶらなひとみ,4.2
ドダイトス,からをやぶる,83.9
ドダイトス,ぶちかまし,49.0
ドダイトス,じしん,45.4
ドダイトス,ウッドハンマー,36.8
ドダイトス,ロックブラスト,34.8
ドダイトス,タネマシンガン,28.8
ドダイトス,いわなだれ,17.1
ドダイトス,タネばくだん,14.2
ドダイトス,ストーンエッジ,13.0
ドダイトス,やどりぎのタネ,9.6
エンブオー,フレアドライブ,88.1
エンブオー,ふいうち,63.2
エンブオー,インファイト,46.6
エンブオー,じしん,37.1
エンブオー,ドレインパンチ,29.1
エンブオー,ワイルドボルト,27.0
エンブオー,もろはのずつき,22.2
エンブオー,やまあらし,19.3
エンブオー,ビルドアップ,13.4
エンブオー,ストーンエッジ,7.6
サンダース,１０まんボルト,80.3
サンダース,みわくのボイス,62.9
サンダース,ボルトチェンジ,55.3
サンダース,シャドーボール,41.9
サンダース,あくび,26.9
サンダース,でんじは,12.5
サンダース,めいそう,11.7
サンダース,かみなり,9.5
サンダース,まねっこ,9.5
サンダース,どろかけ,8.6
アマージョ,トリプルアクセル,84.0
アマージョ,トロピカルキック,80.4
アマージョ,とびひざげり,72.9
アマージョ,こうそくスピン,41.1
アマージョ,とんぼがえり,27.7
アマージョ,はたきおとす,17.8
アマージョ,パワーウィップ,17.1
アマージョ,ちょうはつ,9.7
アマージョ,こうごうせい,9.1
アマージョ,じゃれつく,6.1
ライボルト,ボルトチェンジ,89.3
ライボルト,１０まんボルト,86.8
ライボルト,オーバーヒート,61.1
ライボルト,バークアウト,37.9
ライボルト,かえんほうしゃ,36.8
ライボルト,こおりのキバ,13.5
ライボルト,かみなり,8.3
ライボルト,ハイパーボイス,8.0
ライボルト,でんこうせっか,7.4
ライボルト,ひかりのかべ,6.2
フォレトス,ステルスロック,66.4
フォレトス,ボディプレス,56.3
フォレトス,こうそくスピン,47.4
フォレトス,ボルトチェンジ,44.7
フォレトス,てっぺき,23.2
フォレトス,だいばくはつ,22.3
フォレトス,アイススピナー,20.1
フォレトス,どくびし,18.3
フォレトス,ジャイロボール,13.3
フォレトス,まきびし,11.2
カイリキー,ばくれつパンチ,77.0
カイリキー,バレットパンチ,75.9
カイリキー,ストーンエッジ,68.5
カイリキー,れいとうパンチ,55.2
カイリキー,はたきおとす,21.6
カイリキー,じしん,18.8
カイリキー,ＤＤラリアット,9.3
カイリキー,クロスチョップ,9.0
カイリキー,どくづき,7.5
カイリキー,ドレインパンチ,7.3
ブロスター,はどうだん,95.8
ブロスター,みずのはどう,91.5
ブロスター,アクアジェット,57.9
ブロスター,あくのはどう,57.8
ブロスター,れいとうビーム,48.1
ブロスター,りゅうのはどう,27.8
ブロスター,ヘドロウェーブ,8.0
ブロスター,クイックターン,3.0
ブロスター,ヘドロばくだん,2.4
ブロスター,ハイドロポンプ,2.1
ペロリーム,ねばねばネット,91.3
ペロリーム,あくび,78.9
ペロリーム,がむしゃら,63.5
ペロリーム,マジカルシャイン,35.8
ペロリーム,ミストバースト,34.0
ペロリーム,かえんほうしゃ,17.0
ペロリーム,ドレインキッス,11.5
ペロリーム,みがわり,8.2
ペロリーム,めいそう,7.9
ペロリーム,まねっこ,6.3
デスバーン,ステルスロック,71.7
デスバーン,じしん,53.4
デスバーン,おにび,50.9
デスバーン,トリックルーム,37.4
デスバーン,のろい,34.0
デスバーン,ポルターガイスト,29.4
デスバーン,ボディプレス,24.2
デスバーン,おきみやげ,22.8
デスバーン,みちづれ,14.1
デスバーン,どくびし,9.8
キョジオーン,しおづけ,83.9
キョジオーン,じこさいせい,80.6
キョジオーン,てっぺき,38.4
キョジオーン,まもる,34.7
キョジオーン,ボディプレス,33.0
キョジオーン,ステルスロック,28.2
キョジオーン,だいばくはつ,16.5
キョジオーン,じわれ,14.4
キョジオーン,じしん,14.3
キョジオーン,みがわり,7.2
デスカーン,おにび,71.1
デスカーン,ボディプレス,68.1
デスカーン,たたりめ,46.0
デスカーン,てっぺき,34.6
デスカーン,トリックルーム,31.9
デスカーン,シャドーボール,26.7
デスカーン,のろい,20.7
デスカーン,どくびし,17.1
デスカーン,おきみやげ,15.4
デスカーン,みちづれ,12.5
コータス,ステルスロック,47.6
コータス,あくび,46.7
コータス,ソーラービーム,42.1
コータス,ふんか,33.6
コータス,かえんほうしゃ,21.7
コータス,ふんえん,18.7
コータス,だいちのちから,17.6
コータス,オーバーヒート,16.7
コータス,こうそくスピン,16.6
コータス,おにび,15.5
アブソル,ふいうち,84.2
アブソル,インファイト,64.1
アブソル,はたきおとす,43.8
アブソル,つるぎのまい,41.1
アブソル,れいとうビーム,31.2
アブソル,つじぎり,19.5
アブソル,じゃれつく,17.2
アブソル,ストーンエッジ,13.0
アブソル,サイコカッター,10.8
アブソル,いわなだれ,8.5
オニゴーリ,まもる,81.2
オニゴーリ,フリーズドライ,63.8
オニゴーリ,みがわり,63.6
オニゴーリ,ぜったいれいど,57.2
オニゴーリ,だいばくはつ,31.6
オニゴーリ,じしん,19.4
オニゴーリ,こおりのつぶて,18.9
オニゴーリ,のしかかり,11.9
オニゴーリ,かげぶんしん,11.2
オニゴーリ,こおりのいぶき,3.9
カットロトム,リーフストーム,95.5
カットロトム,ボルトチェンジ,85.4
カットロトム,１０まんボルト,55.6
カットロトム,おにび,49.1
カットロトム,トリック,28.7
カットロトム,シャドーボール,13.1
カットロトム,かみなり,10.6
カットロトム,ほうでん,9.0
カットロトム,あくのはどう,8.9
カットロトム,いたみわけ,8.8
モルペコ,オーラぐるま,99.7
モルペコ,がむしゃら,48.7
モルペコ,まもる,41.8
モルペコ,すてゼリフ,41.7
モルペコ,ねこだまし,26.4
モルペコ,でんこうせっか,23.5
モルペコ,はたきおとす,17.7
モルペコ,ちょうはつ,17.0
モルペコ,きしかいせい,15.1
モルペコ,こおりのキバ,12.2
オンバーン,りゅうせいぐん,88.8
オンバーン,エアスラッシュ,63.6
オンバーン,かえんほうしゃ,46.2
オンバーン,とんぼがえり,40.8
オンバーン,すりかえ,27.8
オンバーン,ちょうはつ,27.7
オンバーン,ばくおんぱ,20.3
オンバーン,いかりのまえば,16.5
オンバーン,おいかぜ,12.1
オンバーン,ぼうふう,11.9
ヘルガー,あくのはどう,81.8
ヘルガー,かえんほうしゃ,62.9
ヘルガー,みちづれ,48.5
ヘルガー,ヘドロばくだん,35.0
ヘルガー,ふいうち,27.1
ヘルガー,オーバーヒート,20.8
ヘルガー,わるだくみ,18.4
ヘルガー,ソーラービーム,14.1
ヘルガー,カウンター,13.8
ヘルガー,だいもんじ,13.5
ミカルゲ,おにび,57.0
ミカルゲ,イカサマ,52.3
ミカルゲ,トリックルーム,39.7
ミカルゲ,いたみわけ,37.6
ミカルゲ,のろい,34.1
ミカルゲ,みちづれ,22.6
ミカルゲ,おきみやげ,21.8
ミカルゲ,ふいうち,21.2
ミカルゲ,ポルターガイスト,16.7
ミカルゲ,かげうち,12.6
ピカチュウ,１０まんボルト,41.9
ピカチュウ,ボルテッカー,40.5
ピカチュウ,ねこだまし,35.5
ピカチュウ,なみのり,30.7
ピカチュウ,アンコール,30.3
ピカチュウ,でんこうせっか,22.9
ピカチュウ,くさむすび,22.4
ピカチュウ,がむしゃら,19.3
ピカチュウ,みわくのボイス,18.9
ピカチュウ,ほっぺすりすり,18.5
ニョロトノ,れいとうビーム,64.1
ニョロトノ,ウェザーボール,59.9
ニョロトノ,アンコール,42.5
ニョロトノ,だいちのちから,36.2
ニョロトノ,ほろびのうた,30.5
ニョロトノ,なみのり,27.7
ニョロトノ,きあいだま,17.0
ニョロトノ,まもる,16.9
ニョロトノ,こごえるかぜ,13.9
ニョロトノ,ハイドロポンプ,13.2
ゾロアーク,ナイトバースト,84.1
ゾロアーク,かえんほうしゃ,42.6
ゾロアーク,ヘドロばくだん,42.6
ゾロアーク,アンコール,37.9
ゾロアーク,わるだくみ,20.2
ゾロアーク,きあいだま,20.2
ゾロアーク,おきみやげ,19.8
ゾロアーク,カウンター,19.3
ゾロアーク,ふいうち,18.7
ゾロアーク,トリック,13.2
ロズレイド,ヘドロばくだん,85.9
ロズレイド,やどりぎのタネ,38.7
ロズレイド,リーフストーム,37.5
ロズレイド,マジカルシャイン,35.6
ロズレイド,シャドーボール,29.3
ロズレイド,ギガドレイン,29.1
ロズレイド,どくびし,18.9
ロズレイド,じんつうりき,17.7
ロズレイド,どくどく,16.7
ロズレイド,ねむりごな,13.9
ドクロッグ,インファイト,69.0
ドクロッグ,ふいうち,67.7
ドクロッグ,ダストシュート,50.0
ドクロッグ,どくづき,33.6
ドクロッグ,ドレインパンチ,23.4
ドクロッグ,じしん,15.2
ドクロッグ,つるぎのまい,14.7
ドクロッグ,ねこだまし,13.1
ドクロッグ,カウンター,13.0
ドクロッグ,れいとうパンチ,11.5
クレッフィ,ドレインキッス,45.1
クレッフィ,めいそう,42.3
クレッフィ,リフレクター,41.9
クレッフィ,ひかりのかべ,37.9
クレッフィ,てっていこうせん,34.1
クレッフィ,でんじは,33.1
クレッフィ,てっぺき,27.9
クレッフィ,でんじふゆう,25.8
クレッフィ,イカサマ,21.7
クレッフィ,まきびし,18.8
リキキリン,マジカルシャイン,42.9
リキキリン,トリックルーム,42.5
リキキリン,ツインビーム,41.1
リキキリン,１０まんボルト,29.3
リキキリン,サイコキネシス,28.3
リキキリン,イカサマ,22.8
リキキリン,ハイパーボイス,19.9
リキキリン,ミラーコート,16.0
リキキリン,バトンタッチ,14.9
リキキリン,シャドーボール,14.0
ジジーロン,１０まんボルト,57.5
ジジーロン,かえんほうしゃ,56.2
ジジーロン,りゅうせいぐん,53.3
ジジーロン,ハイパーボイス,52.7
ジジーロン,はねやすめ,31.7
ジジーロン,りゅうのはどう,26.8
ジジーロン,だいちのちから,26.0
ジジーロン,れいとうビーム,18.6
ジジーロン,めいそう,11.3
ジジーロン,だいもんじ,10.6
カミツオロチ,きまぐレーザー,86.7
カミツオロチ,だいちのちから,58.7
カミツオロチ,ギガドレイン,44.5
カミツオロチ,あくび,41.1
カミツオロチ,リーフストーム,29.8
カミツオロチ,ふいうち,26.7
カミツオロチ,じこさいせい,24.7
カミツオロチ,みずあめボム,16.6
カミツオロチ,わるだくみ,11.5
カミツオロチ,りゅうせいぐん,11.5
ドサイドン,じしん,93.0
ドサイドン,れいとうパンチ,37.1
ドサイドン,ストーンエッジ,27.9
ドサイドン,ロックブラスト,25.5
ドサイドン,サンダーダイブ,23.6
ドサイドン,メタルバースト,22.0
ドサイドン,つのドリル,20.1
ドサイドン,ステルスロック,17.4
ドサイドン,ゆきなだれ,13.9
ドサイドン,がんせきほう,12.5
ヤドキング,さむいギャグ,70.7
ヤドキング,ねっとう,63.4
ヤドキング,あくび,44.9
ヤドキング,トリックルーム,32.6
ヤドキング,サイコキネシス,28.9
ヤドキング,れいとうビーム,24.3
ヤドキング,なまける,20.6
ヤドキング,かえんほうしゃ,19.2
ヤドキング,なみのり,18.8
ヤドキング,サイコノイズ,12.0
ハガネール,ボディプレス,76.1
ハガネール,じしん,73.2
ハガネール,ヘビーボンバー,50.3
ハガネール,ステルスロック,40.9
ハガネール,てっぺき,23.7
ハガネール,ジャイロボール,16.2
ハガネール,ドラゴンテール,13.3
ハガネール,じわれ,12.5
ハガネール,ストーンエッジ,9.7
ハガネール,のろい,9.5
ゴロンダ,バレットパンチ,69.5
ゴロンダ,ＤＤラリアット,45.2
ゴロンダ,ドレインパンチ,44.0
ゴロンダ,インファイト,39.6
ゴロンダ,れいとうパンチ,25.4
ゴロンダ,ほうふく,23.0
ゴロンダ,はたきおとす,19.3
ゴロンダ,ダストシュート,15.4
ゴロンダ,かみなりパンチ,13.5
ゴロンダ,ぶちかまし,13.2
キュウコン,アンコール,51.8
キュウコン,おにび,50.6
キュウコン,ソーラービーム,49.3
キュウコン,おきみやげ,31.1
キュウコン,かえんほうしゃ,28.5
キュウコン,オーバーヒート,28.2
キュウコン,マジカルフレイム,17.3
キュウコン,ウェザーボール,14.0
キュウコン,ねっさのだいち,13.9
キュウコン,ほのおのうず,11.4
ヌメルゴン,りゅうせいぐん,48.2
ヌメルゴン,かえんほうしゃ,45.9
ヌメルゴン,１０まんボルト,45.1
ヌメルゴン,アシッドボム,38.0
ヌメルゴン,れいとうビーム,27.0
ヌメルゴン,りゅうのはどう,22.4
ヌメルゴン,どくどく,15.2
ヌメルゴン,ヘドロウェーブ,15.1
ヌメルゴン,ねっとう,14.7
ヌメルゴン,だいもんじ,13.2
ランクルス,じこさいせい,73.1
ランクルス,めいそう,60.9
ランクルス,きあいだま,48.4
ランクルス,サイコキネシス,42.5
ランクルス,アシストパワー,26.0
ランクルス,とける,23.4
ランクルス,トリックルーム,23.1
ランクルス,サイコノイズ,17.5
ランクルス,シャドーボール,14.5
ランクルス,てっぺき,7.8
ゴルーグ,ポルターガイスト,77.9
ゴルーグ,ぶちかまし,64.6
ゴルーグ,れいとうパンチ,58.2
ゴルーグ,ドレインパンチ,31.6
ゴルーグ,じしん,31.5
ゴルーグ,ストーンエッジ,15.9
ゴルーグ,ばくれつパンチ,15.6
ゴルーグ,インファイト,13.5
ゴルーグ,かみなりパンチ,11.8
ゴルーグ,ほのおのパンチ,11.1
オーロット,やどりぎのタネ,79.6
オーロット,おにび,55.2
オーロット,まもる,50.9
オーロット,ウッドホーン,48.0
オーロット,のろい,40.2
オーロット,ポルターガイスト,20.8
オーロット,みがわり,19.9
オーロット,ゴーストダイブ,10.1
オーロット,トリックルーム,7.9
オーロット,ねをはる,7.3
マホイップ,めいそう,84.0
マホイップ,とける,71.8
マホイップ,じこさいせい,67.1
マホイップ,みわくのボイス,49.9
マホイップ,ドレインキッス,35.0
マホイップ,マジカルフレイム,25.0
マホイップ,アシストパワー,19.2
マホイップ,ギガドレイン,7.3
マホイップ,マジカルシャイン,5.8
マホイップ,アンコール,5.6
ケンタロス(パルデア水),インファイト,86.2
ケンタロス(パルデア水),レイジングブル,60.0
ケンタロス(パルデア水),アクアジェット,56.8
ケンタロス(パルデア水),ワイルドボルト,41.8
ケンタロス(パルデア水),ウェーブタックル,34.2
ケンタロス(パルデア水),じしん,33.3
ケンタロス(パルデア水),ビルドアップ,18.3
ケンタロス(パルデア水),くさわけ,9.1
ケンタロス(パルデア水),ストーンエッジ,9.0
ケンタロス(パルデア水),ボディプレス,8.9
サダイジャ,じしん,78.1
サダイジャ,へびにらみ,71.2
サダイジャ,ステルスロック,66.2
サダイジャ,がむしゃら,50.8
サダイジャ,ちいさくなる,21.1
サダイジャ,がんせきふうじ,18.4
サダイジャ,ボディプレス,13.6
サダイジャ,とぐろをまく,12.4
サダイジャ,ねむる,7.9
サダイジャ,ストーンエッジ,7.5
バクフーン,ふんか,67.9
バクフーン,ねっさのだいち,62.6
バクフーン,シャドーボール,38.0
バクフーン,かえんほうしゃ,33.3
バクフーン,もえつきる,29.1
バクフーン,きあいだま,28.5
バクフーン,がむしゃら,23.5
バクフーン,でんこうせっか,18.9
バクフーン,オーバーヒート,10.4
バクフーン,じんつうりき,10.0
バクーダ,だいちのちから,93.1
バクーダ,げんしのちから,63.2
バクーダ,かえんほうしゃ,53.6
バクーダ,ラスターカノン,41.5
バクーダ,ふんか,40.0
バクーダ,だいもんじ,21.2
バクーダ,いわなだれ,11.8
バクーダ,あくび,8.9
バクーダ,じわれ,5.9
バクーダ,おにび,5.8
ニャオニクス♂,サイコキネシス,49.3
ニャオニクス♂,みわくのボイス,46.1
ニャオニクス♂,１０まんボルト,32.0
ニャオニクス♂,リフレクター,31.5
ニャオニクス♂,あくび,31.0
ニャオニクス♂,めいそう,25.9
ニャオニクス♂,ひかりのかべ,24.1
ニャオニクス♂,わるだくみ,14.6
ニャオニクス♂,サイコフィールド,14.3
ニャオニクス♂,バトンタッチ,13.5
ガチゴラス,もろはのずつき,85.6
ガチゴラス,じしん,54.3
ガチゴラス,げきりん,45.6
ガチゴラス,インファイト,37.0
ガチゴラス,りゅうのまい,28.8
ガチゴラス,こおりのキバ,22.3
ガチゴラス,かみくだく,14.3
ガチゴラス,スケイルショット,13.5
ガチゴラス,ほのおのキバ,13.0
ガチゴラス,かみなりのキバ,12.4
リーフィア,リーフブレード,70.2
リーフィア,はたきおとす,56.1
リーフィア,やどりぎのタネ,35.9
リーフィア,つるぎのまい,32.1
リーフィア,ソーラーブレード,27.7
リーフィア,あくび,25.0
リーフィア,こうごうせい,23.4
リーフィア,にほんばれ,12.8
リーフィア,でんこうせっか,12.6
リーフィア,まもる,12.0
レントラー,こおりのキバ,67.3
レントラー,サンダーダイブ,66.6
レントラー,ボルトチェンジ,46.8
レントラー,ばかぢから,38.0
レントラー,でんこうせっか,26.7
レントラー,つぶらなひとみ,24.1
レントラー,でんじは,18.5
レントラー,じゃれつく,16.5
レントラー,ワイルドボルト,12.7
レントラー,かみくだく,10.1
クレベース,ボディプレス,85.3
クレベース,じこさいせい,72.4
クレベース,てっぺき,55.2
クレベース,ミラーコート,48.9
クレベース,つららばり,29.6
クレベース,ゆきなだれ,25.5
クレベース,じしん,17.7
クレベース,つららおとし,9.5
クレベース,こうそくスピン,8.4
クレベース,アイススピナー,7.8
アヤシシ,バリアーラッシュ,67.0
アヤシシ,だいちのちから,34.1
アヤシシ,じしん,32.6
アヤシシ,１０まんボルト,32.0
アヤシシ,サイコキネシス,22.7
アヤシシ,トリックルーム,19.4
アヤシシ,エナジーボール,17.5
アヤシシ,とびかかる,13.5
アヤシシ,でんじは,11.4
アヤシシ,すてみタックル,11.2
トリデプス,ステルスロック,62.5
トリデプス,ボディプレス,56.7
トリデプス,じわれ,50.1
トリデプス,メタルバースト,49.6
トリデプス,ほえる,48.0
トリデプス,イカサマ,27.1
トリデプス,てっぺき,25.8
トリデプス,ヘビーボンバー,10.1
トリデプス,うちおとす,8.5
トリデプス,カウンター,7.1
フラージェス,ムーンフォース,85.8
フラージェス,めいそう,75.1
フラージェス,こうごうせい,57.5
フラージェス,サイコノイズ,27.3
フラージェス,ドレインキッス,20.0
フラージェス,ギガドレイン,18.4
フラージェス,みがわり,14.4
フラージェス,サイコキネシス,14.2
フラージェス,ねがいごと,12.7
フラージェス,スキルスワップ,10.8
マッギョ,だいちのちから,75.7
マッギョ,ステルスロック,69.3
マッギョ,あくび,59.1
マッギョ,１０まんボルト,56.9
マッギョ,ほうでん,23.5
マッギョ,じわれ,22.3
マッギョ,ねっとう,14.3
マッギョ,イカサマ,13.6
マッギョ,ふいうち,9.0
マッギョ,ヘドロばくだん,6.7
エモンガ,ほっぺすりすり,71.3
エモンガ,アンコール,60.0
エモンガ,エアスラッシュ,52.1
エモンガ,ボルトチェンジ,33.6
エモンガ,ちょうはつ,29.0
エモンガ,あまえる,23.5
エモンガ,１０まんボルト,15.5
エモンガ,かいでんぱ,13.0
エモンガ,バトンタッチ,12.4
エモンガ,とんぼがえり,11.6
アマルルガ,ふぶき,62.3
アマルルガ,オーロラベール,61.4
アマルルガ,フリーズドライ,49.6
アマルルガ,ステルスロック,44.7
アマルルガ,だいちのちから,36.2
アマルルガ,ミラーコート,27.1
アマルルガ,げんしのちから,26.1
アマルルガ,アンコール,16.6
アマルルガ,でんじは,12.0
アマルルガ,ハイパーボイス,10.0
クレベース(ヒスイ),ひょうざんおろし,65.8
クレベース(ヒスイ),ミラーコート,62.1
クレベース(ヒスイ),じしん,47.1
クレベース(ヒスイ),ボディプレス,37.2
クレベース(ヒスイ),こうそくスピン,30.5
クレベース(ヒスイ),ロックブラスト,24.5
クレベース(ヒスイ),つららばり,23.3
クレベース(ヒスイ),ステルスロック,20.3
クレベース(ヒスイ),ストーンエッジ,20.0
クレベース(ヒスイ),いわなだれ,12.7
ブースター,フレアドライブ,78.9
ブースター,ばかぢから,47.9
ブースター,でんこうせっか,40.8
ブースター,ねがいごと,28.8
ブースター,おにび,26.2
ブースター,あくび,23.8
ブースター,ニトロチャージ,21.0
ブースター,まもる,17.2
ブースター,がむしゃら,13.0
ブースター,みきり,8.5
アーボック,へびにらみ,73.1
アーボック,ダストシュート,51.9
アーボック,どくびし,41.0
アーボック,はたきおとす,34.0
アーボック,じしん,29.0
アーボック,ふいうち,21.6
アーボック,ドラゴンテール,19.4
アーボック,とぐろをまく,17.8
アーボック,どくどく,11.2
アーボック,すりかえ,10.9
アローラライチュウ,サイコキネシス,62.1
アローラライチュウ,１０まんボルト,48.7
アローラライチュウ,エレキフィールド,45.2
アローラライチュウ,ライジングボルト,39.1
アローラライチュウ,なみのり,26.3
アローラライチュウ,きあいだま,19.1
アローラライチュウ,がむしゃら,15.8
アローラライチュウ,アンコール,15.4
アローラライチュウ,ボルトチェンジ,15.3
アローラライチュウ,みわくのボイス,11.0
フロストロトム,ふぶき,89.7
フロストロトム,ボルトチェンジ,67.7
フロストロトム,１０まんボルト,67.4
フロストロトム,おにび,46.4
フロストロトム,トリック,33.7
フロストロトム,シャドーボール,11.6
フロストロトム,わるだくみ,10.3
フロストロトム,イカサマ,9.8
フロストロトム,ほうでん,9.6
フロストロトム,あくのはどう,9.2
ライチュウ,１０まんボルト,60.0
ライチュウ,アンコール,39.1
ライチュウ,なみのり,38.1
ライチュウ,ほっぺすりすり,33.5
ライチュウ,ボルトチェンジ,22.3
ライチュウ,みわくのボイス,19.9
ライチュウ,きあいだま,19.2
ライチュウ,ねこだまし,16.3
ライチュウ,わるだくみ,15.2
ライチュウ,がむしゃら,13.4
パンプジン(特大),おにび,61.2
パンプジン(特大),やどりぎのタネ,60.3
パンプジン(特大),ポルターガイスト,54.9
パンプジン(特大),トリックルーム,30.8
パンプジン(特大),パワーウィップ,30.6
パンプジン(特大),かげうち,29.8
パンプジン(特大),だいばくはつ,27.0
パンプジン(特大),のろい,21.2
パンプジン(特大),まもる,19.7
パンプジン(特大),みちづれ,11.4
タブンネ,ねがいごと,38.2
タブンネ,あくび,36.3
タブンネ,かえんほうしゃ,34.4
タブンネ,ドレインキッス,33.9
タブンネ,トリックルーム,32.0
タブンネ,めいそう,30.3
タブンネ,いやしのねがい,29.3
タブンネ,れいとうビーム,23.5
タブンネ,アンコール,23.0
タブンネ,マジカルシャイン,16.3
ジュナイパー,かげぬい,72.3
ジュナイパー,リーフブレード,58.9
ジュナイパー,かげうち,45.8
ジュナイパー,はねやすめ,33.3
ジュナイパー,のろい,24.7
ジュナイパー,つるぎのまい,19.1
ジュナイパー,ふいうち,15.8
ジュナイパー,ポルターガイスト,15.6
ジュナイパー,とんぼがえり,15.5
ジュナイパー,ブレイブバード,10.6
レパルダス,アンコール,63.7
レパルダス,イカサマ,41.2
レパルダス,バトンタッチ,35.6
レパルダス,みがわり,33.0
レパルダス,かげぶんしん,32.2
レパルダス,まねっこ,22.6
レパルダス,ちょうはつ,20.2
レパルダス,あくび,18.2
レパルダス,はたきおとす,17.8
レパルダス,でんじは,16.1
スピンロトム,エアスラッシュ,94.4
スピンロトム,１０まんボルト,68.1
スピンロトム,おにび,59.1
スピンロトム,ボルトチェンジ,58.2
スピンロトム,トリック,19.0
スピンロトム,わるだくみ,14.4
スピンロトム,ほうでん,11.6
スピンロトム,いたみわけ,10.9
スピンロトム,あくのはどう,9.6
スピンロトム,でんじは,9.0
ガラルマッギョ,トラバサミ,72.3
ガラルマッギョ,あくび,66.5
ガラルマッギョ,ステルスロック,58.6
ガラルマッギョ,じしん,36.6
ガラルマッギョ,じわれ,28.8
ガラルマッギョ,カウンター,18.5
ガラルマッギョ,まもる,13.4
ガラルマッギョ,ふいうち,13.2
ガラルマッギョ,あなをほる,12.4
ガラルマッギョ,イカサマ,10.9
デデンネ,ほっぺすりすり,63.4
デデンネ,マジカルシャイン,61.6
デデンネ,いかりのまえば,52.6
デデンネ,ボルトチェンジ,35.6
デデンネ,１０まんボルト,32.5
デデンネ,あまえる,25.0
デデンネ,かいでんぱ,20.8
デデンネ,がむしゃら,15.6
デデンネ,とんぼがえり,12.9
デデンネ,パラボラチャージ,11.4
バリコオル,フリーズドライ,72.6
バリコオル,サイコキネシス,46.6
バリコオル,こおりのつぶて,27.9
バリコオル,ミラーコート,27.9
バリコオル,こうそくスピン,26.7
バリコオル,アンコール,22.0
バリコオル,きあいだま,19.7
バリコオル,ぜったいれいど,14.6
バリコオル,トリックルーム,11.9
バリコオル,１０まんボルト,11.3
ラムパルド,もろはのずつき,88.6
ラムパルド,じしん,75.0
ラムパルド,サンダーダイブ,55.0
ラムパルド,アイアンヘッド,35.3
ラムパルド,ばかぢから,17.8
ラムパルド,げきりん,16.9
ラムパルド,いわなだれ,13.5
ラムパルド,ゆきなだれ,11.7
ラムパルド,ほのおのパンチ,10.0
ラムパルド,しねんのずつき,9.9
ニャオニクス♀,みわくのボイス,78.0
ニャオニクス♀,１０まんボルト,72.9
ニャオニクス♀,サイコキネシス,67.9
ニャオニクス♀,わるだくみ,38.0
ニャオニクス♀,めいそう,21.6
ニャオニクス♀,サイコショック,21.3
ニャオニクス♀,あくのはどう,16.6
ニャオニクス♀,シャドーボール,15.1
ニャオニクス♀,あくび,7.7
ニャオニクス♀,エナジーボール,6.7
ダストダス,だいばくはつ,60.1
ダストダス,ダストシュート,53.3
ダストダス,どくびし,40.9
ダストダス,じだんだ,29.5
ダストダス,どくどく,28.1
ダストダス,ドレインパンチ,25.9
ダストダス,いたみわけ,24.0
ダストダス,なげつける,21.9
ダストダス,まきびし,14.8
ダストダス,ロックブラスト,11.9
トリミアン,コットンガード,59.9
トリミアン,でんじは,39.7
トリミアン,こおりのキバ,32.1
トリミアン,ほえる,30.7
トリミアン,かみくだく,25.7
トリミアン,ふいうち,24.9
トリミアン,とんぼがえり,19.5
トリミアン,バークアウト,17.4
トリミアン,ほのおのキバ,15.8
トリミアン,ねむる,13.6
ツンベアー,つららおとし,72.0
ツンベアー,インファイト,63.4
ツンベアー,じしん,60.4
ツンベアー,アクアジェット,42.4
ツンベアー,つるぎのまい,20.2
ツンベアー,アクアブレイク,16.3
ツンベアー,つららばり,15.6
ツンベアー,いわなだれ,12.3
ツンベアー,ぜったいれいど,12.0
ツンベアー,ストーンエッジ,9.3
ルガルガン(まひる),アクセルロック,78.5
ルガルガン(まひる),ステルスロック,58.0
ルガルガン(まひる),がむしゃら,55.6
ルガルガン(まひる),インファイト,54.8
ルガルガン(まひる),ちょうはつ,31.5
ルガルガン(まひる),いわなだれ,20.4
ルガルガン(まひる),ストーンエッジ,14.3
ルガルガン(まひる),つるぎのまい,12.9
ルガルガン(まひる),ふいうち,11.6
ルガルガン(まひる),がんせきふうじ,9.5
タルップル,りんごさん,89.9
タルップル,じこさいせい,58.6
タルップル,てっぺき,47.3
タルップル,やどりぎのタネ,46.4
タルップル,りゅうせいぐん,25.9
タルップル,ボディプレス,23.6
タルップル,ドわすれ,20.1
タルップル,りゅうのはどう,14.2
タルップル,ふいうち,14.1
タルップル,リサイクル,11.8
ルガルガン(まよなか),ストーンエッジ,73.7
ルガルガン(まよなか),インファイト,50.6
ルガルガン(まよなか),ふいうち,49.8
ルガルガン(まよなか),カウンター,27.4
ルガルガン(まよなか),アイアンテール,26.6
ルガルガン(まよなか),がむしゃら,20.2
ルガルガン(まよなか),じゃれつく,18.5
ルガルガン(まよなか),ステルスロック,17.9
ルガルガン(まよなか),はやてがえし,15.5
ルガルガン(まよなか),いわなだれ,13.7
ヒヤッキー,れいとうビーム,55.9
ヒヤッキー,きあいだま,47.7
ヒヤッキー,ねこだまし,39.7
ヒヤッキー,ハイドロポンプ,30.6
ヒヤッキー,なみのり,27.5
ヒヤッキー,ねっとう,24.5
ヒヤッキー,クイックターン,15.3
ヒヤッキー,いわなだれ,14.0
ヒヤッキー,れいとうパンチ,13.6
ヒヤッキー,アクアブレイク,13.3
ケンタロス,じしん,44.2
ケンタロス,ふぶき,34.9
ケンタロス,シャドーボール,33.8
ケンタロス,うずしお,33.6
ケンタロス,１０まんボルト,32.5
ケンタロス,インファイト,30.6
ケンタロス,レイジングブル,20.3
ケンタロス,じごくづき,18.7
ケンタロス,アイアンヘッド,17.1
ケンタロス,のしかかり,14.7
ポワルン,ウェザーボール,41.4
ポワルン,かみなり,32.3
ポワルン,どろぼう,30.1
ポワルン,のしかかり,29.8
ポワルン,ゆきなだれ,29.2
ポワルン,からげんき,29.2
ポワルン,ねっとう,20.1
ポワルン,れいとうビーム,18.6
ポワルン,こごえるかぜ,17.0
ポワルン,だいもんじ,15.3
パンプジン(普通),パワーウィップ,72.7
パンプジン(普通),やどりぎのタネ,61.2
パンプジン(普通),だいばくはつ,50.4
パンプジン(普通),ゴーストダイブ,43.6
パンプジン(普通),ポルターガイスト,41.6
パンプジン(普通),おにび,29.6
パンプジン(普通),トリック,21.5
パンプジン(普通),いわなだれ,13.5
パンプジン(普通),かげうち,11.4
パンプジン(普通),みちづれ,10.9
アップリュー,Ｇのちから,97.3
アップリュー,ふいうち,64.4
アップリュー,げきりん,56.6
アップリュー,りゅうのまい,32.9
アップリュー,とんぼがえり,31.8
アップリュー,ドラゴンダイブ,25.3
アップリュー,ダブルウイング,24.1
アップリュー,アクロバット,12.4
アップリュー,がむしゃら,9.2
アップリュー,やどりぎのタネ,7.2
ナゲツケサル,インファイト,51.6
ナゲツケサル,ドレインパンチ,44.0
ナゲツケサル,ダストシュート,43.9
ナゲツケサル,はたきおとす,39.4
ナゲツケサル,じしん,32.8
ナゲツケサル,いわなだれ,29.1
ナゲツケサル,とんぼがえり,18.9
ナゲツケサル,なげつける,13.1
ナゲツケサル,ビルドアップ,12.5
ナゲツケサル,アイアンヘッド,11.6
バオッキー,フレアドライブ,33.0
バオッキー,いわなだれ,31.1
バオッキー,かえんほうしゃ,26.2
バオッキー,ダストシュート,24.9
バオッキー,ねこだまし,24.8
バオッキー,おにび,22.7
バオッキー,ねっさのだいち,21.7
バオッキー,がんせきふうじ,21.5
バオッキー,きあいだま,18.9
バオッキー,オーバーヒート,18.2
ヤナッキー,いわなだれ,39.6
ヤナッキー,ダストシュート,37.9
ヤナッキー,リーフストーム,37.1
ヤナッキー,タネばくだん,33.7
ヤナッキー,きあいだま,26.7
ヤナッキー,ねこだまし,26.1
ヤナッキー,がんせきふうじ,22.4
ヤナッキー,ちょうはつ,22.1
ヤナッキー,タネマシンガン,18.3
ヤナッキー,ばかぢから,17.7
ダイケンキ,れいとうビーム,69.2
ダイケンキ,ハイドロポンプ,43.2
ダイケンキ,しんくうは,41.4
ダイケンキ,アンコール,35.5
ダイケンキ,アクアジェット,30.0
ダイケンキ,なみのり,27.4
ダイケンキ,くさむすび,13.9
ダイケンキ,ちょうはつ,13.6
ダイケンキ,クイックターン,11.5
ダイケンキ,こごえるかぜ,10.6
ヤレユータン,サイコキネシス,65.8
ヤレユータン,１０まんボルト,37.5
ヤレユータン,あくび,37.2
ヤレユータン,きあいだま,35.2
ヤレユータン,トリックルーム,30.9
ヤレユータン,イカサマ,23.2
ヤレユータン,アンコール,18.4
ヤレユータン,めいそう,15.6
ヤレユータン,シャドーボール,13.9
ヤレユータン,サイコノイズ,12.5
フレフワン,ムーンフォース,72.4
フレフワン,トリックルーム,71.2
フレフワン,アンコール,51.2
フレフワン,かなしばり,30.2
フレフワン,１０まんボルト,28.1
フレフワン,ミストバースト,24.8
フレフワン,わるだくみ,18.7
フレフワン,ドレインキッス,17.1
フレフワン,めいそう,10.2
フレフワン,ねがいごと,7.8
ロトム,かげぶんしん,52.8
ロトム,ポルターガイスト,52.6
ロトム,どろぼう,51.3
ロトム,からげんき,49.5
ロトム,おにび,29.1
ロトム,ボルトチェンジ,28.7
ロトム,１０まんボルト,23.8
ロトム,シャドーボール,23.3
ロトム,たたりめ,16.7
ロトム,トリック,12.5
ミルホッグ,かみくだく,47.5
ミルホッグ,れいとうパンチ,47.3
ミルホッグ,すてみタックル,44.8
ミルホッグ,いかりのまえば,32.8
ミルホッグ,さいみんじゅつ,25.1
ミルホッグ,けたぐり,24.8
ミルホッグ,ダストシュート,23.8
ミルホッグ,ほのおのパンチ,23.4
ミルホッグ,ギガインパクト,21.6
ミルホッグ,かみなりパンチ,12.4
パンプジン(小),ポルターガイスト,72.4
パンプジン(小),おにび,45.3
パンプジン(小),トリック,43.0
パンプジン(小),パワーウィップ,35.6
パンプジン(小),やどりぎのタネ,31.1
パンプジン(小),みちづれ,26.8
パンプジン(小),のろい,18.2
パンプジン(小),いわなだれ,17.9
パンプジン(小),みがわり,13.0
パンプジン(小),だいばくはつ,12.3
パンプジン(大),やどりぎのタネ,60.7
パンプジン(大),ポルターガイスト,51.7
パンプジン(大),おにび,51.0
パンプジン(大),パワーウィップ,36.8
パンプジン(大),かげうち,33.8
パンプジン(大),トリックルーム,25.7
パンプジン(大),だいばくはつ,25.6
パンプジン(大),のろい,18.7
パンプジン(大),みちづれ,17.4
パンプジン(大),みがわり,13.4
ケンタロス(パルデア単),じしん,68.6
ケンタロス(パルデア単),レイジングブル,63.9
ケンタロス(パルデア単),インファイト,38.0
ケンタロス(パルデア単),ビルドアップ,29.9
ケンタロス(パルデア単),アイアンヘッド,29.9
ケンタロス(パルデア単),ワイルドボルト,29.9
ケンタロス(パルデア単),いわなだれ,19.6
ケンタロス(パルデア単),くさわけ,17.6
ケンタロス(パルデア単),じごくづき,16.2
ケンタロス(パルデア単),ストーンエッジ,15.1
